,game_id,player_id,predfp0
26127,49511,60,6.25119510667744
26215,49559,60,8.497514443214396
26018,49442,274,4.323339793504299
24353,48625,313,8.43879880165815
24489,48682,313,5.755958471190862
24618,48742,313,7.042848965816811
24748,48808,313,7.1360520663487685
24938,48907,313,8.952503432404788
25070,48982,313,3.458494224725632
25228,49054,313,6.821108216062932
25371,49125,313,3.877957730472195
25510,49205,313,0.3071152304075135
25686,49280,313,6.229490430560391
25842,49348,313,11.122620342823426
26017,49441,313,9.539195472591208
26151,49527,313,6.219989108958048
26294,49589,313,6.584423693209003
26473,49677,313,9.69001711260035
26602,49746,313,6.929383425162613
26754,49817,313,6.47533666642719
24909,48890,318,8.826414555280605
25054,48965,318,5.708279830477703
25640,49261,318,5.521255849654722
25780,49356,318,9.73701296957958
25948,49416,318,2.485771589680528
26068,49486,318,7.650476533604374
26239,49549,318,12.226203218581958
26403,49653,318,8.900445910595979
26535,49718,318,11.509262907917696
26706,49792,318,17.009685930416044
25279,49088,319,7.304837828140037
25408,49152,319,12.204038678577094
24373,48626,351,12.07760714955978
24498,48699,351,7.159377044634957
24947,48912,351,18.693871473757365
25102,49000,351,20.56693762991232
25225,49049,351,23.10603755839453
24422,48650,412,14.744141851921302
24567,48718,412,11.62609098173258
24729,48803,412,16.190699959931013
24926,48901,412,13.088608682717235
25046,48959,412,13.068432282649319
25553,49215,412,15.410533708145817
25701,49293,412,22.874743642259862
25857,49341,412,23.147436064901296
25967,49429,412,22.32206476955087
26146,49509,412,22.583498495118352
26273,49581,412,14.23215880375915
26407,49648,412,21.994194555637808
26585,49734,412,18.354798240278402
26743,49800,412,17.03911619464506
24381,48639,462,11.883111114624604
24536,48712,462,9.806539471440303
24680,48787,462,9.754219047606895
24822,48846,462,7.912002664318026
24959,48917,462,2.701597467259119
25091,48985,462,8.683485147514354
25248,49074,462,13.14471458259067
25423,49149,462,14.888602828244704
25556,49211,462,11.92655046784392
25677,49283,462,14.981772725096103
25825,49333,462,16.366628377198367
25995,49424,462,15.298190193827182
26113,49500,462,14.877503748092481
26274,49585,462,15.899558956172845
26497,49688,462,14.463857334740272
26636,49762,462,16.929729028499313
26789,49831,462,14.018284917251723
24456,48674,612,11.823729206154754
24601,48737,612,10.592579727154229
24727,48802,612,19.8423779057945
24837,48865,612,10.661454192446167
24979,48934,612,7.045170138479588
25124,48994,612,11.706953019719403
25267,49064,612,13.76439957611893
25425,49149,612,10.770344212357744
25578,49225,612,8.70940436336047
25726,49303,612,13.374304560037528
25902,49382,612,15.862163400903095
26002,49450,612,9.62634490329195
26159,49518,612,19.301784709599467
26333,49599,612,15.860489842833072
26454,49673,612,10.90566017889775
26610,49750,612,16.034396685974027
26749,49827,612,9.18672311231871
24958,48913,727,10.809470709589384
25126,49005,727,9.850332263975092
25266,49067,727,12.935459323525734
25400,49142,727,10.395737508748052
25525,49199,727,17.045037412856875
25830,49329,727,12.240279825557591
25951,49419,727,19.632541801916588
26275,49577,727,18.865072918224552
25194,49038,785,4.4133283264133025
24952,48918,894,5.021817715323769
25118,49001,894,5.62168809078835
25273,49065,894,7.343087274279112
25389,49138,894,9.58641070112952
25582,49231,894,8.307388678957379
25696,49299,894,9.145120619313623
25886,49372,894,12.908913411068824
26045,49460,894,15.890991297647643
26183,49531,894,12.844159276876292
26336,49618,894,9.504542965519244
26507,49691,894,10.01715367798358
26658,49760,894,9.049097058738745
26777,49828,894,7.88035968566338
24349,48622,933,16.87117822794118
24483,48684,933,17.972235106561612
24632,48756,933,20.45953527765293
24769,48821,933,20.013065003269798
24904,48894,933,19.42687100382425
25037,48951,933,20.784588483582336
25144,49011,933,19.12585759258968
25307,49103,933,21.943376696467986
25452,49168,933,21.091298462056685
25573,49229,933,20.09050750027321
25716,49299,933,25.734822471048382
25835,49352,933,31.163233509651135
25988,49437,933,27.823921567015617
26130,49507,933,26.10934802324105
26276,49575,933,27.519778313574335
26409,49652,933,26.32322694583128
26545,49717,933,20.863838036619903
26669,49774,933,17.71014584111837
24994,48948,1041,7.188774704557805
25072,48979,1041,1.63861293642316
25514,49194,1041,5.780463023409093
25914,49399,1041,5.604705840218834
26058,49471,1041,0.8571762168401331
26098,49492,1041,4.694160770668968
26278,49583,1041,3.5946970260769815
24324,48590,1230,21.01170619889044
24440,48664,1230,10.09149524062409
24569,48716,1230,16.585047324865023
24732,48807,1230,14.145855609679785
24892,48887,1230,11.413550132446087
25069,48986,1230,15.194738507346026
25213,49046,1230,10.342928091780303
25340,49106,1230,8.741035709334927
25504,49190,1230,11.833056035756536
25638,49250,1230,10.941813489483977
25777,49358,1230,11.145590329325877
25987,49434,1230,6.958866116859611
26128,49507,1230,11.41638250957832
26304,49592,1230,8.763172727902878
26434,49659,1230,13.388975996408941
26562,49725,1230,0.7330760743164295
26720,49804,1230,12.170229383253627
24423,48647,1270,2.411580964206142
24555,48723,1270,8.392231829426336
24679,49423,1270,11.250321960579408
24339,48607,1705,14.716571472157709
24458,48670,1705,15.01073205509113
24649,48756,1705,14.75242282480146
24780,48833,1705,14.724854000487813
24981,48935,1705,16.53956552142944
25098,48990,1705,17.085794138513755
25231,49062,1705,14.77718874109963
25372,49126,1705,17.839454688972967
25500,49191,1705,10.83176721387731
25629,49258,1705,10.548634380351444
25757,49320,1705,12.164867235690526
25894,49395,1705,11.088081004281866
26040,49465,1705,11.935111437601167
26157,49525,1705,7.853135099030152
26320,49599,1705,9.501670606377969
26539,49717,1705,9.809309034010287
26689,49779,1705,9.363890856453132
26416,49645,1737,7.204506597148107
25343,49113,1808,15.848956950537286
25472,49182,1808,9.993715146229246
25927,49411,1808,13.549949545181773
26082,49482,1808,12.356893686138646
26229,49549,1808,12.403867689495648
26354,49616,1808,9.405137551413175
26599,49743,1808,10.102674390727465
26799,49834,1808,9.548691576873482
24408,48648,1943,8.357250663883473
24529,48705,1943,10.458115468312327
24665,48773,1943,8.01380765762634
24869,48868,1943,14.71300500977083
24999,48943,1943,11.123980749356576
25146,49016,1943,6.317818306557372
24706,48794,2123,13.167148198415836
24844,48863,2123,11.974439194997556
25002,48945,2123,13.460170113358656
25158,49018,2123,10.519774866531652
25284,49087,2123,10.750419956904748
24309,48591,2171,9.704932224650022
24444,48660,2171,12.05583937482301
24587,48733,2171,10.260089862952311
24724,48800,2171,12.930160176130057
24864,48869,2171,13.072543469942069
25060,48970,2171,12.054377863821536
25181,49035,2171,16.747014256060723
25342,49118,2171,10.800659636855704
25496,49176,2171,13.024140182096891
25625,49254,2171,10.980036656108599
25771,49316,2171,13.947071410672065
25947,49406,2171,13.489451024815724
26079,49484,2171,12.442134456101522
26225,49553,2171,11.283332138626715
26367,49624,2171,9.14576852839381
26519,49705,2171,10.328895756882757
26640,49763,2171,17.395534390515753
26797,49830,2171,18.43085611110545
24398,48627,2175,9.820022164416107
24546,48711,2175,12.214674750761311
24672,48773,2175,17.67895357612217
24782,48840,2175,18.955431718543302
24935,48900,2175,19.539651243352804
25114,48991,2175,16.11295994662317
25276,49071,2175,16.735020578276007
25463,49173,2175,12.141277329427083
25593,49241,2175,15.739454607440733
25763,49383,2175,16.360411465357334
25897,49395,2175,16.179983082173358
26087,49476,2175,9.939611174653393
26223,49548,2175,12.450869512859471
26366,49630,2175,14.661027195755405
26521,49699,2175,13.923026117418468
26677,49782,2175,17.541465473303955
24328,48588,2401,8.132921156977465
24450,48663,2401,10.215200786761498
24594,48731,2401,8.515819439903744
24759,48819,2401,9.755316826983991
24889,48892,2401,12.203101385102565
25035,48953,2401,14.525448459945418
25268,49069,2401,18.670375843807246
25414,49153,2401,10.889859330963285
25541,49212,2401,10.786182031522914
25718,49298,2401,17.30173040981343
25869,49372,2401,10.981247808239104
26668,49784,2548,4.528858199609128
26732,49801,2548,6.77049327105406
24390,48638,2620,19.743075593281972
24534,48709,2620,30.236278364979395
24694,48786,2620,27.214577438129915
24834,48855,2620,30.700920513344155
24968,48928,2620,24.65108277831745
25107,48997,2620,25.949312531726896
25264,49075,2620,28.78558426436745
25404,49142,2620,24.71850056349933
25518,49199,2620,24.457631980617325
25687,49280,2620,20.62052089394789
25801,49327,2620,20.299270480575235
25956,49419,2620,20.97931447449716
24301,48598,2699,7.92785139586075
24448,48662,2699,9.300809243164293
24600,48740,2699,6.515924887707215
24712,48795,2699,11.954267652429927
24853,48859,2699,6.99186030637769
24970,48932,2699,2.847967984445096
25171,49030,2699,4.413181276210274
25368,49128,2699,8.178112427839347
25543,49218,2699,7.249480065749084
25693,49277,2699,8.412753627372853
25813,49324,2699,10.454807076550837
25970,49438,2699,8.093859869434933
26203,49536,2699,15.744874504085288
26439,49660,2699,16.412506531241657
26577,49735,2699,11.245610694002542
26750,49814,2699,8.406311453510558
24310,48601,2815,17.70826058003539
24439,48666,2815,13.133814877035112
24597,48731,2815,12.646309603423777
24742,48810,2815,20.10423880643733
24868,48870,2815,22.752594536378187
24995,48936,2815,17.97133362208485
25165,49021,2815,20.77755953359568
25314,49099,2815,22.408213398552057
25471,49177,2815,16.16190479687329
25611,49240,2815,16.4408368332697
25831,49333,2815,20.377624747656665
25994,49429,2815,15.746509623600305
26447,49661,2815,19.945828750913275
26578,49726,2815,16.408604391779445
26724,49800,2815,13.848031091520053
24930,48904,2884,11.753219004714522
26522,49700,2884,13.615503024772467
26714,49793,2884,13.351154978587752
25440,49169,2890,17.065189952809703
25730,49310,2890,17.45384948361502
25896,49396,2890,15.100273585534637
26344,49613,2890,17.89426924673267
26639,49768,2890,18.02211145066071
26795,49835,2890,14.273663049368215
24405,48652,3121,17.63992573351361
24554,48725,3121,19.540950545376454
26443,49658,3121,13.138268084057941
26734,49806,3121,16.65313286577928
26118,49501,3133,-0.652646433590587
24491,48686,3154,2.426440000709796
24906,48882,3154,8.99340600677223
25064,48962,3154,9.418565665944305
24330,48605,3206,23.303392544682456
24466,48675,3206,19.149295268950333
24610,48754,3206,24.884488835758926
24754,48804,3206,26.014843279503427
24912,48883,3206,28.30922229008672
25026,48951,3206,27.763307633829818
25150,49017,3206,29.620737891893935
25313,49101,3206,24.238926959471044
25466,49169,3206,25.6456654967445
25600,49234,3206,22.240703026277263
25727,49314,3206,25.633176418507908
25875,49369,3206,25.47136923143146
26029,49460,3206,23.958855622799355
26168,49529,3206,21.814585799944044
26341,49610,3206,29.2451108617319
26491,49692,3206,27.847800960286307
26641,49761,3206,26.321906627163298
26794,49838,3206,28.008924932965655
24376,48637,3443,14.590409773653654
24528,48706,3443,17.32747530928713
24681,48788,3443,22.946841412366723
24845,48866,3443,22.95392063911263
24989,48925,3443,18.894859523637248
25143,49006,3443,23.135531478887096
25257,49074,3443,26.25669954005511
25392,49141,3443,24.08025526370858
25538,49208,3443,26.550109111479845
25688,49282,3443,17.00923485456505
25827,49325,3443,24.987678122526354
25979,49428,3443,23.09638844432597
26140,49514,3443,22.50620185756432
26281,49577,3443,28.645284261624063
26495,49681,3443,27.560634357438808
26673,49788,3443,27.950143811223274
24366,48618,3935,9.499920298426504
24485,48688,3935,13.437273461220885
24636,48763,3935,17.084817944069858
24764,48825,3935,21.185130395263148
24895,48889,3935,13.373763507012796
25084,48978,3935,15.200276535756444
25269,49073,3935,15.32178365587435
25405,49137,3935,14.733972512837376
25539,49220,3935,13.285105385424698
25682,49283,3935,10.067814418400975
25800,49331,3935,13.712121047650532
25981,49433,3935,17.01770118800649
26095,49495,3935,15.501397766872548
26248,49567,3935,16.582439761370612
26374,49629,3935,18.08140548343051
26544,49712,3935,16.228095931686813
26684,49783,3935,18.211944633967406
24420,48645,3981,9.588737242499946
24557,48728,3981,10.743713280804581
24719,48801,3981,12.17440886770571
24836,48861,3981,11.568293794798446
24963,48923,3981,10.515619197754884
25136,49002,3981,11.660390166311023
25278,49091,3981,9.622375879599202
25448,49164,3981,11.197308252917232
25579,49230,3981,9.272143365154413
25750,49313,3981,13.757927855071067
25916,49392,3981,13.849625465488622
26049,49461,3981,15.417629918475232
26201,49534,3981,11.278185801692851
26334,49617,3981,12.20770139329854
26498,49680,3981,14.990277246210702
26646,49770,3981,16.1877392543485
26792,49834,3981,13.016226885235774
24306,48594,4119,22.23162776877343
24461,48673,4119,25.16575405926499
24625,48747,4119,27.51043515745921
24743,48815,4119,28.600302040213194
25050,48965,4119,25.69104206353835
25193,49028,4119,30.305441968486754
25308,49102,4119,27.056804237683007
25464,49166,4119,25.392347325484455
25599,49246,4119,28.12607957053336
25749,49312,4119,27.0009257298835
25882,49375,4119,26.2745645067256
26019,49453,4119,20.8024394868635
26177,49520,4119,32.48035114222629
26335,49606,4119,29.353548069310207
26475,49669,4119,27.13843977500958
26594,49751,4119,21.51318604276165
26730,49811,4119,20.725649012394538
24437,48666,4249,12.929700860262717
24579,48718,4249,11.187119182452614
24753,48814,4249,19.54861283500037
24861,48875,4249,16.5196647615886
25040,48966,4249,13.253078964487706
25202,49028,4249,14.523452588328738
25325,49100,4249,12.647689812841838
25469,49163,4249,5.767242222438439
25603,49245,4249,18.811735572633896
25797,49359,4249,15.142482288811149
25930,49411,4249,17.500982895477758
26133,49504,4249,17.521079332763136
26300,49593,4249,11.67559308101281
26467,49678,4249,14.163501165306986
26608,49742,4249,13.91566266676697
26802,49836,4249,16.587537919788726
26250,49568,4257,11.03619214453168
26422,49646,4257,18.100461628474775
26575,49724,4257,9.391782412534633
26735,49804,4266,7.075157706676454
25051,48971,4647,9.873361657862011
25219,49041,4647,15.892096827675823
25339,49117,4647,14.269215375174415
25529,49197,4647,15.141242976160278
25660,49274,4647,14.5418933875087
25844,49346,4647,15.403625101947673
25990,49436,4647,12.933411079130314
26126,49512,4647,14.417469297242299
26303,49591,4647,16.18682004421539
26426,49654,4647,15.383522175756264
26568,49725,4647,10.241565583188317
26729,49810,4647,13.42891610091971
24442,48657,4857,0.11834915916468662
24566,48716,4857,2.922470833992645
24709,48798,4857,5.6401605582827266
24838,48857,4857,10.612487769272285
24985,48931,4857,14.463437133172306
25104,48999,4857,9.308655265836244
25287,49089,4857,10.023779874257421
25449,49172,4857,2.6492469311023505
25577,49230,4857,6.089376115388855
25717,49291,4857,7.776551036093421
25834,49342,4857,14.845392315503403
26173,49523,4857,8.425003750569644
26290,49596,4857,9.01852549718667
26499,49681,4857,8.35747080352738
26626,49754,4857,9.171234892889117
26762,49813,4857,11.250569465641759
24934,48896,4879,9.122939674028276
25049,48960,4879,14.982223770685819
25238,49052,4879,12.016235079353946
25377,49122,4879,8.588446133569084
25521,49200,4879,13.043181467446018
25647,49262,4879,15.060019408178716
25778,49356,4879,17.720348686151087
25954,49418,4879,19.85808522783148
26074,49483,4879,14.517365532961723
26242,49569,4879,14.11278464909339
24336,48611,4986,10.968490118087091
24459,48671,4986,12.316221951935303
24656,48774,4986,14.954056968587082
24809,48845,4986,19.98072480680609
25853,49351,5007,10.287234344472765
24299,48604,5058,6.585484692116233
24340,48612,5058,5.957016241568406
24481,48671,5058,5.491345612601026
24596,48740,5058,4.441041643912093
24801,48836,5058,8.124494321337622
26178,49533,5167,7.064918419663409
25616,49260,5211,6.463219864498516
25774,49355,5222,5.831447478395766
24305,48588,5296,13.505318022419551
24296,48603,5296,12.469014256533029
24443,48661,5296,17.794798237251275
24581,48729,5296,17.042571801980895
24678,48783,5296,18.054872794458166
24894,48880,5296,17.142970198194337
25045,48969,5296,18.99880743325698
25189,49026,5296,13.399627444868248
25359,49115,5296,18.56944665312469
25498,49193,5296,12.810026401678424
25829,49338,5296,10.854502949990787
25989,49426,5296,14.962601930077716
26132,49513,5296,13.523569891364636
26287,49570,5296,14.713502916773756
26442,49660,5296,16.728452146218242
26570,49731,5296,10.405170725346208
26725,49799,5296,15.352150962651798
25092,48981,5503,16.2715246463668
25217,49048,5503,17.86132463337254
25386,49124,5503,14.77393120059501
25524,49198,5503,25.11125902655198
25650,49264,5503,14.757072963885213
25787,49366,5503,17.651762405247457
25971,49425,5503,17.864138367285246
26142,49509,5503,18.31341426475915
26286,49581,5503,19.27792154126737
26399,49641,5503,17.85879365232235
26571,49733,5503,14.838988010350269
25382,49130,5506,6.608799292089818
25542,49208,5506,5.017214500554154
25684,49282,5506,9.874960102926483
26656,49772,5761,8.178619872019697
25962,49417,5908,2.9314334303520586
26430,49662,5908,6.00556465066405
24519,48698,6002,5.9018102348457955
24666,48777,6002,7.565781478612912
24831,48856,6002,9.4199168534366
24993,48921,6002,7.063416137307439
25108,49000,6002,5.842293838875621
25247,49056,6002,8.41302119790797
25327,49098,6002,7.919940999739483
25459,49171,6002,8.395867717574411
25624,49261,6002,8.631566497717484
25770,49316,6002,12.394446195370325
25946,49402,6002,10.638425548073858
26104,49488,6002,19.00628921822019
26243,49564,6002,19.78959449005655
26056,49469,6011,4.45888272757658
24469,48674,6117,4.455583878343482
24624,48747,6117,12.673743340151077
24778,48839,6117,15.116539850595931
24924,48900,6117,12.21916934476516
25109,48991,6117,11.155463562424538
25246,49055,6117,7.94079181890964
25379,49132,6117,12.532633478641474
25530,49194,6117,9.743778134938426
25649,49267,6117,12.741104792277062
25805,49329,6117,11.18242985314666
25997,49449,6117,11.47021055197987
26188,49533,6117,9.052442083968657
26363,49614,6117,15.683208979911237
26503,49682,6117,14.878170744316188
26655,49759,6117,16.644521413393406
26536,49710,6191,1.7626114444726477
24396,48634,6208,10.68290183175471
24522,48708,6208,9.130582328206811
24684,48782,6208,9.099742598572153
24818,48844,6208,17.596243709544694
25215,49042,6208,11.520427898494798
25352,49110,6208,12.701439269479076
25484,49179,6208,7.078876932204343
25636,49260,6208,4.4334504581989576
25759,49315,6208,3.1965137584903407
25901,49389,6208,1.966165781516057
26053,49464,6208,7.778581391898431
26190,49541,6208,5.566004179235415
26361,49620,6208,6.85922702839736
26504,49687,6208,8.270103481033434
26630,49756,6208,11.50556820135076
26788,49829,6208,16.559800324307105
24357,48619,6230,16.52710497387194
24501,48692,6230,8.475221399494147
24640,48757,6230,4.591499685787973
24779,48840,6230,8.12188972560512
24920,48899,6230,3.99802390184658
25117,48987,6230,5.865519165611261
25241,49060,6230,3.2500182694062905
25421,49157,6230,7.035319128338771
24356,48615,6279,9.235645335783284
24518,48695,6279,17.794371521719015
24659,48769,6279,17.53414247405936
24833,48856,6279,16.97847466346551
24944,48914,6279,18.620335078036902
25095,48978,6279,19.403196598737644
25474,49185,6279,17.800537544190657
25621,49254,6279,13.597215342610086
26564,49736,6279,21.23491520371537
24325,48592,6335,14.962818469432001
24297,48603,6335,12.592090867300806
24441,48663,6335,10.46123693272091
24619,48751,6335,7.625078358997369
24756,48804,6335,8.973886040952252
24871,48873,6335,6.730134840947039
25036,48958,6335,6.885731344688891
25170,49039,6335,11.429688739236505
25346,49105,6335,8.99445553547508
25475,49181,6335,6.137783085437577
25608,49238,6335,6.551257770825993
25732,49310,6335,10.613814228235203
25890,49396,6335,15.991256134630362
26052,49459,6335,14.448710161816908
26150,49524,6335,16.342475528728514
26358,49618,6335,8.399247515534878
26505,49685,6335,13.563147407753597
26659,49770,6335,9.115458589526531
26786,49838,6335,9.97855705699722
26664,49763,6344,10.901565420859791
26785,49832,6344,10.677481718402282
25106,48995,6356,16.452941725158787
25253,49066,6356,12.039434895903538
25430,49146,6356,11.083663886558123
25550,49211,6356,9.18284743636286
25698,49287,6356,9.368570059134722
25874,49378,6356,11.047072976003555
24377,48633,6537,11.581322063985912
24524,48703,6537,13.021191761106534
24664,48775,6537,17.54435839291305
24783,48830,6537,13.373541500279243
24943,48896,6537,12.023710441950948
25094,48981,6537,10.469891733486362
25216,49043,6537,15.869406560302217
25441,49167,6537,17.169583585978707
25606,49235,6537,9.214602685849659
25743,49302,6537,14.28746161568401
25873,49380,6537,17.30481233468998
26007,49452,6537,23.625852620163712
26208,49542,6537,13.052284312726421
26319,49601,6537,14.8297153305213
26506,49690,6537,12.089398344733144
26629,49752,6537,19.921590342928205
26769,49823,6537,13.191471837129736
24399,48630,6542,12.538310326133404
24502,48690,6542,14.072507851337287
24675,48770,6542,9.972929535588122
24821,48843,6542,13.476681437736204
24972,48921,6542,12.785580831364165
25119,48996,6542,13.525681942171019
25234,49059,6542,13.445523743521226
25383,49125,6542,19.639582307797212
25545,49220,6542,20.58083607195166
25713,49287,6542,19.477807960541096
25876,49368,6542,18.167570397088284
26026,49468,6542,19.0486740920827
26220,49550,6542,16.592456578249617
26420,49642,6542,20.028895231142393
26533,49718,6542,19.1223832457066
26721,49802,6542,19.9402975522206
25658,49273,6550,8.156499380827828
25823,49337,6550,9.458447060118655
25871,49379,6550,10.290172115294295
26224,49558,6550,7.037473542184773
26377,49637,6550,10.040861351262432
26529,49698,6550,7.751631526398223
26661,49769,6550,5.073084483269401
24308,48589,6612,19.299398480838065
24452,48659,6612,22.86614384882893
24611,48749,6612,18.214650770674126
24751,48817,6612,15.31212404468509
24893,48889,6612,12.555756901108
25038,48956,6612,13.447246011311597
25155,49023,6612,13.189134099374032
25304,49084,6612,8.442674413020846
25427,49143,6612,16.109903448664394
25564,49215,6612,13.803885430901465
25720,49297,6612,13.033123859883244
25866,49380,6612,14.525883752625356
26023,49453,6612,10.447353684028975
26202,49543,6612,16.185419849602624
26326,49607,6612,14.46511019221869
26483,49690,6612,14.378002232126635
26628,49757,6612,11.914138143613668
26761,49821,6612,15.593710545104367
24392,48631,6930,15.282686350047777
24527,48707,6930,18.360711498613604
24677,48784,6930,13.015920006477899
24828,48849,6930,11.870555644125162
25022,48950,6930,9.697699860897467
25154,49013,6930,15.040953693915613
25312,49094,6930,14.008907897413936
25444,49164,6930,12.636956985241904
25592,49236,6930,11.792038894285913
25733,49305,6930,11.068161218268544
25867,49369,6930,10.999672984690733
26031,49462,6930,14.643848281157572
26149,49517,6930,10.861521935992753
26301,49595,6930,8.590433444746088
26462,49671,6930,13.970183601293211
26614,49751,6930,10.119161285217464
26723,49802,6930,11.43740835030766
24386,48627,7022,16.765648815738704
24525,48711,7022,16.504407720171823
24682,48782,7022,10.81920177692661
24814,48845,7022,19.735400617085972
24948,48915,7022,20.445910831672666
25074,48980,7022,14.10392477265161
25263,49072,7022,15.594873185699464
25406,49135,7022,14.664763958706043
25562,49219,7022,10.640608295287285
25678,49277,7022,8.028939523287272
25803,49328,7022,13.99052895362636
25984,49430,7022,15.827240501223839
26144,49505,7022,16.46405372553927
26330,49603,7022,14.090706089907467
26461,49668,7022,19.897416097308863
26615,49748,7022,17.208591243403994
24332,48612,7182,12.676374725916164
24495,48687,7182,12.393036745302153
24608,48753,7182,14.193624265418244
24808,48848,7182,15.751711289772503
24953,48915,7182,24.072135577489735
25125,48994,7182,12.400839888897131
25292,49083,7182,10.104323373202067
25468,49173,7182,10.21056609608782
25614,49242,7182,18.17122561638509
25762,49317,7182,10.649516143162598
25847,49340,7282,10.85549293122779
26010,49443,7282,11.839322401550357
26153,49524,7282,15.870126571520059
26351,49609,7282,17.137726717146254
26480,49694,7282,16.97729651093474
26649,49767,7282,20.01253006678597
26783,49828,7282,17.976724217025026
24650,48766,7357,8.652141342848235
24823,48850,7357,5.53205098837519
24949,48912,7357,3.995773598049258
25101,48992,7357,6.613883167670829
25235,49052,7357,8.615386219461847
25380,49131,7357,6.013875679961553
25513,49204,7357,6.575274734442639
25663,49268,7357,10.1639573010506
24407,48643,7395,15.861601924245553
24571,48728,7395,16.01293620669583
24715,48791,7395,18.202875330913756
24857,48871,7395,15.98919673785619
25043,48972,7395,18.25028198677462
25243,49058,7395,20.2402502070171
25378,49119,7395,12.176589583888145
25519,49195,7395,15.627370123551607
25655,49268,7395,10.519255612145837
25779,49359,7395,14.219071254557354
25937,49410,7395,12.671724569355613
26077,49480,7395,6.106104653491855
26231,49560,7395,8.873945042394613
26352,49611,7395,16.842689877471773
25438,49168,7399,6.817067921231449
25934,49409,7399,5.312084943141812
24418,48649,7479,5.011012204739655
24588,48737,7479,8.953058121337843
24708,48797,7479,9.95828900759582
24839,48860,7479,15.008612966816061
25011,48937,7479,8.163013939537441
25159,49013,7479,8.933025102246132
25317,49093,7479,9.8102456125391
25454,49161,7479,9.697429083836534
25103,48993,7642,17.49077138620181
25277,49068,7642,18.784803745319113
25391,49141,7642,21.120055944936976
25610,49245,7642,17.56031847325902
25722,49301,7642,19.224262715147052
25895,49394,7642,19.432601202935924
26042,49466,7642,16.79834214813748
26179,49538,7642,19.878802625968305
26362,49611,7642,21.62843776115121
26496,49693,7642,17.400947154065303
24962,48925,7744,7.332243747922581
25796,49357,7744,11.142186012810003
25935,49400,7744,10.743595633582068
26075,49480,7744,7.076623136927706
26232,49557,7744,10.846048961893691
26337,49619,7744,10.592846812075592
26508,49695,7744,8.263696648527576
24341,48609,7795,8.870524801855256
24480,48672,7795,8.74684525683424
24628,48745,7795,9.327621677291656
24741,48805,7795,13.397011860855361
24890,48893,7795,13.091897095780888
25068,48980,7795,15.685722866374439
25397,49140,7795,19.350598662213837
24960,48919,7935,3.3251260588225953
25331,49116,7935,10.595851771163975
26687,49784,7935,5.074765336587041
25410,49150,8021,6.5243939025657225
25551,49213,8240,7.788372480905043
25690,49284,8240,9.844324630700466
25817,49336,8240,14.215584626395314
25986,49435,8240,13.910575065816483
26124,49505,8240,13.242919789346196
26396,49644,8432,7.061260755346422
26582,49727,8432,6.598049118811708
24346,48614,8765,9.957676877736759
24465,48668,8765,9.544081486253216
24763,48826,8973,15.566142746007626
24932,48909,8973,16.025815001004357
25083,48973,8973,13.071223439754469
25224,49053,8973,9.221995072759173
25385,49124,8973,13.748852477863625
25527,49207,8973,16.122198200807638
25694,49292,8973,13.351864555930117
25885,49375,8973,16.38151004091534
26015,49442,8973,17.6195625499147
26171,49515,8973,19.671966347251413
26318,49602,8973,24.511442240745417
26457,49674,8973,14.420030123370447
26622,49757,8973,15.184690525160983
26748,49823,8973,19.51784831720178
26540,49708,8983,8.807742425781624
26692,49783,8983,13.797823016183646
24312,48590,9147,24.24192576889257
24457,48678,9147,23.771996534638113
24626,48752,9147,26.381303716614795
24746,48816,9147,22.69378324605114
24898,48881,9147,30.731945041733475
25048,48968,9147,25.65470917853557
25179,49024,9147,34.73285361479484
26296,49587,9611,2.403579326651283
26438,49662,9611,5.255860583256747
26576,49727,9611,6.9169597481820455
24347,48623,9658,11.909660566311803
24549,48708,9658,10.136013397228739
24669,48771,9658,6.491093460445994
24799,48834,9658,9.460382837577976
24936,48906,9658,8.89432856944909
25088,48976,9658,7.845388260630297
25251,49075,9658,8.195424207721361
25396,49135,9658,6.7731404203957775
25526,49205,9658,6.190490766271996
25685,49279,9658,4.355117019935321
25838,49348,9658,7.395961945766192
25968,49431,9658,12.313168709597651
26103,49498,9658,7.986789221311493
26285,49571,9658,3.7557520808326723
26397,49651,9658,5.608743377877731
26547,49710,9658,8.691392417983478
26710,49792,9658,14.172103556991996
24401,48640,9670,13.496041280459846
24574,48726,9670,9.5545676707002
24693,48778,9670,9.058181964492555
25631,49250,9670,6.744153918005812
25793,49367,9670,11.377594909854258
25932,49403,9670,14.679895081874209
25598,49244,9673,4.061759294955905
25933,49403,9673,9.321654558271312
24302,48596,9819,20.907811441529297
24463,48669,9819,12.438289522625073
24598,48736,9819,13.86824902438736
25024,48957,9819,8.6210530017563
25191,49039,9819,7.703862498393839
25355,49104,9819,4.806902776732436
25490,49177,9819,6.950804178404797
25632,49251,9819,6.330520098680772
25755,49384,9819,8.340604512476753
25907,49390,9819,15.500739129329213
26061,49471,9819,16.71546987989057
26207,49540,9819,13.3674120833369
26331,49602,9819,13.783363251799154
26479,49687,9819,16.331161326435502
26632,49758,9819,14.400923062051497
26778,49836,9819,18.451166248564924
24387,48634,10088,7.88541082235393
24531,48715,10088,5.263687846235485
24674,48771,10088,10.61867056949622
24807,48842,10088,10.64466273574972
24916,48908,10088,6.5565882443387515
25085,48979,10088,6.396511629044461
25226,49062,10088,13.208699805175383
25381,49129,10088,8.743025779361783
25563,49216,10088,10.568560762009533
25807,49337,10088,12.163556886971095
24367,48624,10099,9.76613672017797
24504,48689,10099,16.212463865623896
24631,48757,10099,16.52664656876881
24805,48842,10099,20.868262140715697
24917,48910,10099,16.4349383533191
25120,48990,10099,19.296879367648287
25223,49061,10099,18.622081872114716
25373,49121,10099,19.16229159834596
25499,49192,10099,23.548613037803758
25665,49272,10099,15.664075808291637
25772,49358,10099,17.216353883195097
25945,49412,10099,19.95911529439461
26072,49477,10099,12.70006929458723
26237,49554,10099,18.862291594164454
26369,49637,10099,15.826667763729631
26543,49716,10099,13.186162132355184
26674,49776,10099,17.804699364712032
24493,48683,10232,3.7199062035532364
24653,48763,10232,4.052416633609328
24876,48869,10232,6.696985722460866
25007,48941,10232,3.8690959142047663
25156,49012,10232,-0.7028956074654547
25285,49090,10232,11.743566133753232
25451,49162,10232,3.7735764813312054
25586,49239,10232,-0.5617152693056754
25754,49321,10232,8.980536635497128
25899,49387,10232,6.723019041030499
26034,49461,10232,13.850348017690754
26199,49534,10232,10.264955952518012
26773,49825,10232,14.306304311512424
24388,48631,10247,12.986074309337319
24511,48694,10247,17.934869063623232
24655,48764,10247,14.477648264001568
24832,48848,10247,11.884628513464804
24991,48929,10247,10.913603669214508
25100,48998,10247,13.997621615159812
25270,49070,10247,19.881869158464674
25431,49144,10247,17.383623155664782
25571,49225,10247,10.405801494411081
25702,49294,10247,16.102418259766416
25877,49373,10247,16.73942005902705
26006,49450,10247,14.23190409864255
26172,49527,10247,14.964761401446795
26291,49590,10247,15.635994212595909
26436,49658,10247,12.02409717582407
26579,49724,10247,13.979043907379953
26736,49807,10247,15.923996010609349
24364,48615,10356,14.9832923304061
24514,48699,10356,17.114633967249144
24651,48762,10356,19.02014859497367
24798,48828,10356,18.525350890358904
24988,48924,10356,20.602391059916997
25133,49007,10356,21.600866109063432
25282,49080,10356,21.52844097137323
25433,49148,10356,19.881551383041007
25558,49214,10356,18.601293115570645
25851,49341,10356,16.094667704014185
25975,49424,10356,15.174628820041523
26114,49496,10356,10.808366144740786
26270,49583,10356,17.700865899678092
26444,49655,10356,14.924388261249813
26616,49749,10356,16.902676612906603
26779,49832,10356,17.361239290331554
24334,48608,10572,20.701745035396105
24464,48679,10572,21.14345476174381
24609,48741,10572,26.173160407766254
24730,48805,10572,23.456435130262033
24866,48879,10572,24.147602946844152
25003,48938,10572,22.410944270896927
25161,49021,10572,28.823695102524397
25291,49084,10572,24.3989290832231
25435,49147,10572,25.500486288707894
25552,49209,10572,20.610276105288165
25703,49293,10572,24.756755947822743
25856,49349,10572,19.40611286670909
25983,49435,10572,23.67181203072378
26108,49495,10572,21.25302854892402
26249,49567,10572,23.497413252736035
26384,49638,10572,24.64479276656618
26551,49720,10572,24.7203593253568
26678,49780,10572,21.914318109100762
24414,48644,10802,12.566790028831532
24539,48706,10802,12.655510688332722
24673,48777,10802,8.618915590532593
24795,48838,10802,6.670863300510241
24955,48917,10802,21.26848746689642
25113,48995,10802,16.912704233180772
25229,49057,10802,13.324145381003138
25635,49249,10802,11.377389971722007
25753,49322,10802,16.66236152951442
25891,49394,10802,13.843368548439921
26028,49455,10802,10.985286871724186
26210,49542,10802,14.20219217595674
26338,49612,10802,11.975128326247429
26494,49689,10802,12.774104989536525
26625,49754,10802,15.050551760589368
26746,49816,10802,17.12414129642181
24360,48619,11154,9.263838832102685
24499,48697,11154,16.844061810711256
24633,48759,11154,19.648949102826705
24797,48836,11154,13.91765675418012
24922,48897,11154,13.420937266476269
25042,48968,11154,22.31193403672432
25195,49031,11154,18.81414112067506
25332,49117,11154,19.84697242795886
25479,49180,11392,8.457514455531875
25628,49258,11392,10.339969318409771
25785,49367,11392,11.092252205764149
26683,49786,11392,11.301977073270331
24326,48601,11510,16.843056386307705
24470,48677,11510,18.003520026245745
24584,48732,11510,20.0394611941978
24744,48814,11510,16.713888617411925
24908,48886,11510,14.156261762069017
25041,48966,11510,10.094710867316088
25199,49033,11510,12.821401962383057
25326,49096,11510,13.848815325184242
25439,49162,11510,12.196682516643763
25604,49244,11510,3.345622800988237
25798,49366,11510,9.841954700635442
25972,49433,11510,9.874689703413578
26169,49517,11510,9.226562248706813
26297,49586,11510,10.810591019461809
26441,49657,11510,14.157055433658046
26619,49740,11510,9.807239954910743
26781,49840,11510,15.623553682071929
24400,48635,11523,9.16983678592136
24540,48705,11523,8.637267504090369
24700,48778,11523,6.80237443305386
24819,48852,11523,10.496795840104037
24980,48922,11523,13.916730480500327
25122,48997,11523,15.915866825667203
25260,49069,11523,10.436575432911294
25395,49139,11523,11.578976818453352
25528,49201,11523,7.035172259541985
25670,49266,11523,9.607674246139164
25795,49361,11523,14.637619090125614
25921,49410,11523,11.338660800852875
26069,49478,11523,6.766512857777667
26219,49548,11523,8.402191052016537
26431,49663,11523,13.038012826152071
26567,49722,11523,13.747665477893342
26728,49801,11523,12.201979798262105
24431,48658,11607,9.542461968385169
24564,48722,11607,11.098605768682555
24777,48819,11607,15.26206827735114
24919,48897,11607,18.58882712117424
25056,48967,11607,12.27838983810056
25182,49036,11607,13.918967118164472
25366,49127,11607,13.200052195327093
25534,49197,11607,11.468529057870438
25710,49294,11647,17.00337438619121
25887,49373,11647,16.62040854624868
26000,49443,11647,13.163220012467704
26573,49735,11647,13.801141978965594
24329,48596,11668,10.300680222423189
24462,48675,11668,14.548994110495173
24614,48749,11668,14.468145332766646
24806,48841,11668,11.110392870405912
24950,48918,11668,6.459738082843585
25077,48976,11668,8.098381462589025
25230,49050,11668,17.569736785224652
25388,49139,11668,6.15727633332457
25554,49216,11668,13.760688111768935
25692,49279,11668,17.146288978019843
25806,49330,11668,11.47574092537396
25964,49422,11668,13.895839492312618
26107,49493,11668,14.729750388160296
26247,49563,11668,17.29575090257529
26385,49634,11668,13.713859703511844
26509,49706,11668,14.323897420245803
26680,49779,11668,11.158683757108761
24374,48629,11776,12.31504374680941
24516,48697,11776,5.846675602574262
24647,48767,11776,8.787511065174387
24810,48852,11776,11.892415108421565
24976,48929,11776,5.977435617574075
25132,49008,11776,9.244561840513992
25293,49090,11776,9.806916709345483
25428,49152,11776,7.921571361638971
25612,49243,11776,5.629472195306592
25728,49309,11776,8.224890340339828
25889,49399,11776,6.974260035090427
26091,49481,11776,8.50137175200605
26240,49547,11776,4.372232228450628
26382,49625,11776,12.433671810774975
26520,49702,11776,16.106506397979626
24378,48632,11844,14.017284085546283
24543,48715,11844,11.382281321886685
24343,48605,11986,14.761401798384506
24471,48679,11986,8.930236276549447
24617,48744,11986,10.066711016247455
24755,48812,11986,12.72531516380793
24913,48891,11986,16.20295883494875
25078,48984,11986,14.564437639926645
25208,49041,11986,15.436356739967602
25370,49120,11986,14.43243303997433
25523,49202,11986,12.12611856058901
25661,49273,11986,13.757121131935108
25821,49327,11986,13.12010059539766
25960,49414,11986,14.923284855649163
26116,49497,11986,17.288640215861527
26246,49566,11986,14.807292143628345
26381,49627,11986,13.336108443733192
26526,49702,11986,15.621589120737518
26686,49781,11986,14.780847280384307
24521,48690,12206,17.487228103254097
24671,48772,12206,12.64307382609737
24803,48833,12206,11.80775752082536
24954,48914,12206,17.62841610104218
25081,48973,12206,11.32277169661533
25233,49054,12206,15.995032496312751
25394,49133,12206,15.770408901670773
25522,49206,12206,17.236514404767426
25667,49271,12206,16.98352909577717
25824,49335,12206,16.159552506100688
25959,49416,12206,15.213304565893695
26120,49488,12206,19.529674186860827
26245,49564,12206,9.470242521079696
26329,49604,12206,6.918473755477281
26554,49711,12206,15.179726648932274
26715,49791,12206,8.701191584136184
26109,49499,12342,18.571320567785115
26379,49624,12342,14.877302086136675
26527,49701,12342,16.10980365175783
24319,48595,12491,18.513257993443283
24472,48676,12491,12.162447394120951
24605,48750,12491,20.799154450400827
24768,48827,12491,21.90411005169168
24885,48888,12491,20.418222547815315
25027,48952,12491,17.325317293173683
25173,49032,12491,23.005063710966702
25338,49112,12491,22.530000446122983
25505,49188,12491,21.37652101928482
25637,49256,12491,21.0314710722586
25767,49384,12491,21.247395448470947
25943,49405,12491,20.980222511574944
26059,49472,12491,23.358126257179727
26216,49550,12491,16.757644055727543
26378,49635,12491,20.772040991337448
26557,49707,12491,19.841118283361073
26703,49790,12491,21.34366228174144
24928,48910,12518,20.307984022214093
25065,48964,12518,10.929412640951913
25178,49032,12518,13.149204827521546
25335,49107,12518,19.119893671222826
25494,49186,12518,14.950495683750466
25596,49243,12518,16.195869590155613
25751,49306,12518,20.004497802036465
25883,49377,12518,16.41210996876413
26016,49446,12518,12.407954153555554
26147,49510,12518,20.096508469947093
26302,49591,12518,15.446080820192213
26451,49666,12518,9.902694022943445
26612,49741,12518,13.090696645989246
26733,49812,12518,15.131056365467556
24427,48652,12540,13.925533226821681
24570,48726,12540,11.19159210242556
24713,48790,12540,13.073513566318056
24854,48862,12540,12.551271180909595
24969,48932,12540,11.276669308221628
25183,49030,12540,11.9699586624452
25323,49103,12540,12.390624598288445
25465,49160,12540,6.887415801547006
25615,49232,12540,6.74850088948305
25738,49314,12540,11.808265135576281
25905,49382,12540,12.246516102209776
26012,49447,12540,11.344137674211005
26164,49518,12540,11.951701966314072
26321,49603,12540,7.972079944706075
26450,49671,12540,11.347595838678954
26620,49737,12540,10.327828582255746
26771,49815,12540,12.137878139430171
24372,48622,12641,9.98377944323124
24506,48696,12641,13.51328762020727
24639,48760,12641,19.094679087898736
24829,48847,12641,17.71186123465999
24946,48916,12641,13.640247588425192
25137,49010,12641,16.301992040912435
25265,49072,12641,17.460349189615467
25426,49155,12641,16.39654527039874
25560,49212,12641,11.524887988212402
25680,49281,12641,14.926222940100665
25845,49353,12641,11.98624634345092
26027,49467,12641,15.755301736148464
26217,49561,12641,18.521068073351454
26375,49626,12641,18.645058874902265
26530,49703,12641,15.755665769567202
26681,49781,12641,16.999161828009616
24371,48614,13136,15.764669726337539
24487,48686,13136,18.09855699535219
24635,48759,13136,20.092660489510948
24781,48835,13136,22.15870025860648
24939,48908,13136,16.40397090136678
25055,48970,13136,12.781193731750468
25236,49055,13136,17.022407539126068
25941,49404,13136,16.511996936090085
26121,49494,13136,14.49742795885164
26266,49584,13136,11.134178821615029
26424,49646,13136,19.580675180924423
26552,49714,13136,17.74329789579703
26695,49775,13136,16.074207416995282
24421,48646,13146,14.465605578936033
24562,48729,13146,13.392982165167854
24951,48916,13146,20.26172043478952
25076,48974,13146,18.963907056814026
25206,49046,13146,12.767067952437788
25363,49129,13146,22.111252189777886
25509,49191,13146,18.97278513496378
25683,49276,13146,18.35582445027277
25804,49332,13146,13.836052586482657
25974,49426,13146,12.539553081346392
26112,49498,13146,15.184658716092358
26262,49580,13146,10.74417678066799
26398,49649,13146,15.627410168951076
26561,49714,13146,15.176964268963108
26708,49791,13146,11.917957617168366
24362,48625,13208,14.60291126773876
24500,48694,13208,10.187844448331742
24645,48765,13208,8.230499881187063
24870,48873,13208,8.344850368520335
26230,49555,13260,11.938586075235676
24761,48820,13279,4.504985018658972
24884,48882,13279,6.549490705350739
25058,48962,13279,5.348592240080936
25187,49031,13279,4.916685672027689
25309,49092,13279,0.3003064174942433
25492,49186,13279,6.017273690620895
25595,49238,13279,1.6298434660713335
25769,49317,13279,4.246689242559989
25953,49414,13279,5.235730080459934
26115,49501,13279,8.294081924009514
26263,49571,13279,9.94767906292914
26404,49639,13279,9.881954471016186
26559,49709,13279,10.449839013259023
26711,49797,13279,15.048713260291326
24397,48638,13522,11.571298449269747
24547,48712,13522,10.10085951208798
24711,48796,13522,10.451028645282282
24852,48863,13522,13.185652859625577
24971,48922,13522,12.938423748042462
25164,49017,13522,19.90010340755909
25296,49086,13522,13.343718063755766
25460,49159,13522,12.48222111123293
25567,49222,13522,11.274070388105493
25715,49298,13522,11.026332098800724
25868,49378,13522,12.69663596172756
26161,49525,13522,9.90738062357297
26316,49600,13522,11.842364172565993
26448,49672,13522,12.66121642681072
26603,49750,13522,9.604241107219373
26765,49815,13522,11.959273192955054
25630,49248,13578,2.9266964528561603
25768,49318,13578,5.893901814959501
26206,49545,13578,7.2599413722599335
26348,49623,13578,6.3240042907353
26502,49684,13578,-0.04189466308300041
26627,49755,13578,3.0136138198069373
24428,48654,13612,12.564463801427209
24560,48719,13612,10.47197956647168
24850,48866,13612,9.339333799370754
25010,48945,13612,15.341081457901085
25163,49020,13612,12.305816159776011
25310,49100,13612,15.242234749469572
25648,49265,13612,16.52654605645074
25782,49354,13612,18.40679038511426
24685,49423,13612,10.234316133956254
25976,49438,13612,15.561790542247103
26160,49515,13612,16.821736731498493
26349,49617,13612,16.403131306593533
26500,49693,13612,13.642946045606088
26623,49752,13612,19.783606729950307
26764,49821,13612,16.86270359033058
24394,48640,13633,14.076697329110877
24508,48695,13633,16.18719095887665
24726,48795,13633,22.8967255914543
24903,48891,13633,21.583945218137796
25039,48954,13633,18.789363963386375
25151,49016,13633,22.586202488650596
25305,49079,13633,10.941072958464039
25462,49161,13633,9.427084590619376
25589,49234,13633,11.319035558339452
25742,49304,13633,12.941391478915637
25865,49371,13633,16.792939214890083
26008,49444,13633,16.043115755437178
26158,49519,13633,18.519908986730925
26307,49590,13633,13.821707118821097
26432,49659,13633,14.530420474934518
26598,49738,13633,14.98719551289045
26772,49826,13633,20.849368783010597
24411,48648,13733,11.612007288928728
24548,48714,13733,12.855410596364568
24745,48813,13733,21.222444215173866
24929,48899,13733,14.061861190261535
25071,48984,13733,17.543098249254207
25209,49042,13733,21.114274858457957
25674,49284,13733,19.890158855260704
25812,49332,13733,15.816622752601846
25909,49391,13733,15.344118402937342
26054,49457,13733,17.61757576119091
26194,49532,13733,16.996862793341815
26328,49598,13733,18.07153310645142
26469,49672,13733,23.835144637415127
26637,49772,13733,16.4838134706965
24510,48700,13857,11.093252351062597
24661,48772,13857,18.06684303775298
24790,48829,13857,18.436081115652296
24982,48924,13857,16.14350847624286
25112,48988,13857,12.158811136254414
25280,49078,13857,17.38032611610457
25422,49146,13857,16.597339637330357
25585,49227,13857,13.692793163318264
25708,49291,13857,15.413748983082106
25860,49350,13857,14.090650757465335
26009,49445,13857,15.894245053800136
26136,49506,13857,21.78187130283337
26264,49579,13857,17.572190362225964
26425,49643,13857,18.4196803828858
26591,49730,13857,16.350016315393322
26756,49819,13857,18.765695902259846
26195,49535,13942,3.9608830984018013
26589,49732,13942,1.4774423118374074
26739,49799,13942,2.6866484458712208
24345,48606,14021,22.29231728670589
24455,48680,14021,16.49003770490089
24652,48764,14021,23.163017476043983
24786,48831,14021,18.667422256739847
24927,48904,14021,24.480282545165792
25061,48972,14021,22.964179433576046
25227,49049,14021,22.53829886377322
25369,49120,14021,23.634197111447417
25502,49189,14021,19.658432041795177
25659,49265,14021,18.425866155147094
25775,49354,14021,18.001522180699148
25940,49400,14021,19.042436371223985
26063,49470,14021,15.515948286492534
26221,49556,14021,17.018566716019148
26346,49615,14021,20.04197338832295
26525,49695,14021,13.218888721278892
26647,49764,14021,12.219264354747333
26791,49830,14021,17.65637440148611
25765,49319,14264,17.232003325160175
25908,49386,14264,6.167942617180109
26081,49475,14264,8.507190360407208
26226,49556,14264,7.9020490831245205
26373,49628,14264,14.383447778643275
26531,49704,14264,14.505481808978272
26644,49769,14264,11.155476351606804
24404,48645,14419,11.629461292547923
24533,48704,14419,12.448790589370805
24723,48793,14419,13.962942674821749
24840,48858,14419,13.681539863582497
25013,48944,14419,13.936000463285078
25129,49003,14419,10.72420335731785
25262,49063,14419,15.938543498378213
25399,49138,14419,9.173981509192101
25515,49195,14419,7.617271679165776
25646,49275,14419,12.139585957358218
25850,49350,14419,11.271691493132074
26011,49451,14419,13.49329397297259
26185,49537,14419,12.664539264975545
26371,49634,14419,13.054195757047333
26524,49701,14419,20.763189355296678
26675,49787,14419,16.17458286434358
24925,48906,14503,10.234561571108184
24315,48599,14528,3.948698207962072
24479,48678,14528,5.7748006956252285
24585,48735,14528,7.283983359738491
24757,48811,14528,9.539440940823265
24872,48877,14528,8.091320765041242
25063,48964,14528,10.799508142484457
25190,49027,14528,16.461692327691864
24352,48623,14535,13.966542993202163
24492,48682,14535,15.606356847847483
24697,48781,14535,14.276828364620028
24860,48867,14535,22.112046885650784
25014,48939,14535,13.818228797661966
25139,49008,14535,19.221447053285203
25258,49067,14535,13.987330740979733
25429,49145,14535,16.258784532978027
25557,49209,14535,15.376952955043215
25700,49288,14535,14.249618340333873
25848,49339,14535,21.046444613354392
26088,49479,14535,11.533170795721924
26227,49552,14535,15.52225969745144
26342,49621,14535,17.863513903966936
26493,49682,14535,18.719700605777515
26634,49756,14535,16.603583979403716
26793,49841,14535,20.389880411126008
24429,48653,14740,7.575285526355966
24563,48721,14740,7.3135276656295645
24721,48796,14740,7.434971233995818
24849,48862,14740,12.256537859327482
25015,48939,14740,11.571090719968876
25271,49064,14740,10.912093558730318
25436,49155,14740,10.799140721926872
24323,48589,14901,13.056127952211538
24433,48660,14901,11.213373016536146
24583,48732,14901,7.915032667036417
24899,48890,14901,11.04340530678906
25067,48959,14901,12.386567905533335
25197,49035,14901,11.875415278857032
25350,49111,14901,14.199428515049012
25476,49174,14901,13.100809592927808
25653,49275,14901,6.41345152984851
25810,49335,14901,4.923702823496394
25961,49421,14901,14.649046129103924
26092,49474,14901,6.824171498558968
26255,49565,14901,5.638098804933612
26400,49643,14901,13.06691185747271
26580,49729,14901,10.245998256818229
26738,49805,14901,12.168767127768755
24716,48790,14905,9.333233962173773
24867,48874,14905,10.464364789099594
25017,48948,14905,3.871879075330956
25147,49023,14905,10.345982594156819
25324,49093,14905,12.71472877544731
25455,49165,14905,7.526057372143954
25602,49237,14905,9.826326812754308
25748,49307,14905,7.020280021118166
26036,49457,14905,10.188994102226344
26181,49545,14905,12.461005755462953
26345,49620,14905,10.703073740647838
26489,49683,14905,9.866596092714175
26635,49753,14905,10.71352283893955
24327,48592,14948,23.46977065309279
24445,48661,14948,29.777231308599287
24612,48746,14948,29.613865318922116
24800,48835,14948,30.24678736635585
24966,48935,14948,31.827254646497188
25110,48987,14948,30.59902744870943
25221,49061,14948,28.120758502994452
25384,49128,14948,26.637850773710106
25532,49203,14948,22.726449495133977
25669,49266,14948,23.63188838001064
25788,49361,14948,26.638188726416438
25991,49430,14948,22.166502197193918
26099,49490,14948,23.207065140491316
26256,49563,14948,22.771450841252665
26383,49630,14948,18.566806526298144
26558,49715,14948,23.831783389718183
26667,49776,14948,22.90675038481147
24403,48628,14966,11.391118794449078
24532,48701,14966,6.854425874621687
24657,48775,14966,9.140820856011604
24827,48850,14966,13.662450725419898
24965,48927,14966,11.375600321368056
25127,49007,14966,10.167695940569967
25301,49081,14966,8.723609909667623
25443,49163,14966,8.045173739471203
25609,49233,14966,7.486163356301106
25737,49311,14966,14.169541131925815
25893,49397,14966,10.48533565428321
26035,49458,14966,12.112204570635567
26192,49538,14966,15.221243905146565
26419,49653,14966,16.650839786119896
26548,49713,14966,13.325362717897823
26693,49780,14966,11.987489206301358
24747,48808,14973,5.793602248764741
24886,48883,14973,11.596127890704638
25145,49012,14973,8.495102155514203
25357,49113,14973,11.404029294435894
25481,49184,14973,13.708103565579053
26048,49456,14973,11.293605933706894
26186,49531,14973,9.326138069180715
26315,49598,14973,2.351485395255683
26458,49665,14973,8.923133520117553
26606,49737,14973,10.774792432722228
26753,49824,14973,7.757507808253862
24359,48613,14984,12.077007778527388
24488,48684,14984,9.858953700074144
24667,48774,14984,6.131503352390558
24789,48839,14984,11.249493939076272
24942,48907,14984,11.528173137320508
25073,48982,14984,8.486712306691103
25207,49044,14984,5.110302825857065
25333,49106,14984,9.933173309662795
25487,49179,14984,11.69291432156771
25594,49232,14984,9.413355776454182
25723,49304,14984,14.499455425960859
25863,49370,14984,9.67908356595611
26050,49454,14984,10.12200839506209
26187,49543,14984,15.887989499862067
26353,49610,14984,9.860937150616667
26486,49694,14984,15.549138236384895
26633,49753,14984,19.766755593117235
26796,49833,14984,19.03848135442577
24454,48676,14989,12.89871986738397
24592,48739,14989,18.37982027661761
24722,48803,14989,17.22803352921965
24859,48878,14989,14.450789033832047
25018,48938,14989,14.084456400792831
25169,49019,14989,18.50497694394334
25289,49089,14989,16.925915763348634
25412,49148,14989,9.125512071690736
25576,49223,14989,12.885769465574311
25922,49402,14989,13.811052490630246
26096,49489,14989,15.350631316223811
26257,49568,14989,13.006615528231858
26413,49645,14989,8.777711414697915
26584,49733,14989,17.677964547761096
26742,49812,14989,14.700110395765567
24613,48744,15049,12.439182505050768
24772,48823,15049,16.203190499382906
25021,48947,15049,12.109345585872184
24311,48594,15199,24.453478459377017
24451,48657,15199,23.734154682008842
24568,48717,15199,30.196109300440547
24733,48806,15199,26.775994037172474
24883,48895,15199,22.75553563688352
25066,48961,15199,26.219730707218012
25177,49033,15199,25.183059059627308
25321,49099,15199,23.17092382940358
25467,49158,15199,20.149624807228005
25597,49236,15199,26.885135624720714
25734,49312,15199,25.326427615237495
25864,49374,15199,24.653525168495907
26051,49468,15199,28.395116386510775
26189,49544,15199,24.69961060460546
26350,49615,15199,17.61887247255598
26484,49688,15199,17.984173961260804
26650,49766,15199,16.946195424735613
26798,49842,15199,21.325438257353564
24344,48607,15643,7.978734515822547
24468,48668,15643,9.11336872192939
24616,48746,15643,12.285038580651122
24758,48820,15643,13.27424517956862
24887,48880,15643,9.71827171982312
24384,48629,15780,9.96562680118431
24545,48713,15780,10.275297710866942
24691,48784,15780,10.853945786804621
25062,48971,15780,10.112924265122425
25218,49044,15780,12.343189666828478
25360,49126,15780,11.411859816028121
25507,49190,15780,11.658221020133125
25652,49274,15780,13.161197022925583
25815,49330,15780,12.839511877344217
25978,49431,15780,14.384634532884075
26122,49513,15780,14.748145036976698
26325,49605,15780,21.57354525211011
26456,49676,15780,13.089356746972538
26605,49740,15780,14.21059605967989
26758,49817,15780,14.938894160697757
25320,49095,15936,7.402591269502741
26211,49539,15936,8.49896325315307
24424,48646,16007,9.217069295905127
24542,48713,16007,12.816550742986044
24692,48783,16007,17.93562677170119
24858,48872,16007,19.0566899112751
25290,49087,16007,15.465114135832021
25657,49270,16007,16.029508571375402
25789,49364,16007,12.893236548748634
26085,49476,16007,11.998171069054669
26233,49547,16007,18.64781978727048
24314,48593,16015,24.270199576746755
24438,48655,16015,32.470986798377616
24599,48735,16015,28.838659665343407
24720,48794,16015,21.831788930767882
25009,48942,16015,22.651127342126372
25172,49040,16015,25.605340285434167
25319,49097,16015,26.740057339925336
25480,49187,16015,26.66781898738092
25642,49252,16015,23.501638923180955
25776,49362,16015,19.289319323152633
25944,49401,16015,22.299798338178395
26080,49473,16015,21.578488389772588
26234,49552,16015,20.801349761746632
26339,49609,16015,22.734038943026103
26487,49683,16015,24.360824287530217
26665,49759,16015,25.73914088986969
26800,49835,16015,28.721224194237436
26119,49492,16093,6.0116981317653275
24425,48651,16478,9.508011398647765
24559,48730,16478,9.896171627347645
24704,48792,16478,7.729790790853341
24862,48875,16478,12.212211424000422
25057,48961,16478,7.672734592188326
25211,49048,16478,7.481262518842986
25361,49130,16478,6.406136651112391
25549,49214,16478,7.44409399795265
25719,49297,16478,10.190670352377813
25862,49379,16478,6.789024438358386
26037,49463,16478,4.486082103084984
26317,49601,16478,9.278438005375987
26488,49680,16478,13.39730869438146
26682,49782,16478,16.06355228914615
24641,48767,16480,7.89121229551335
24767,48818,16480,12.339298185400137
24896,48887,16480,12.621254563300965
25090,48986,16480,6.282889220105295
25245,49060,16480,13.318277236970513
25418,49153,16480,12.071719954848131
25570,49229,16480,6.488655744305085
25736,49307,16480,17.03978914221505
24363,48616,16490,21.421420330654716
24494,48685,16490,20.072592623788967
24607,48750,16490,25.355492200660713
24796,48832,16490,18.679674571996035
24937,48903,16490,21.30360161375162
25087,48977,16490,16.278645014199068
25212,49047,16490,19.40186491623639
25354,49116,16490,21.49584381773135
25473,49174,16490,21.087059009084577
25627,49251,16490,18.688979921644936
25764,49322,16490,19.835066929569773
25918,49385,16490,17.51210886636572
26086,49477,16490,19.001602415328954
26235,49555,16490,26.032473260167325
26392,49632,16490,20.643245578609072
26560,49708,16490,18.445764844808565
26701,49796,16490,24.21988703416203
24412,48649,16492,9.863728158864685
24572,48722,16492,13.63504552779645
24714,48791,16492,8.030750594157263
24841,48860,16492,13.452405074033907
24992,48926,16492,20.72124426121016
24331,48606,16519,12.671208372130328
24460,48672,16519,11.652401863326594
24622,48748,16519,13.986583085292523
24739,48810,16519,17.294698721537795
24879,48870,16519,16.73423503757323
25028,48957,16519,9.577710929818446
26654,49764,16519,5.869957936193781
24313,48597,16525,9.399109821326112
24435,48662,16525,15.202384716457928
24553,48725,16525,12.070826103438966
24740,48812,16525,14.263007252187622
24875,48868,16525,11.655796789879895
25053,48969,16525,10.04469080158356
25200,49037,16525,4.107128670150957
25329,49092,16525,12.689993628552525
25461,49160,16525,13.38911642053187
25566,49224,16525,10.979155265840827
25704,49288,16525,18.517113001354414
25833,49351,16525,14.516996009697026
26005,49452,16525,11.908199410062993
26166,49516,16525,17.05243780982786
26323,49608,16525,12.111138445184295
26464,49676,16525,12.633707631469413
26609,49738,16525,10.005552482561145
26767,49827,16525,10.298644965125122
24351,48616,16738,15.644102663823132
24496,48685,16738,25.356158423656414
24644,48760,16738,30.136684574489394
24760,48827,16738,21.16827641576474
24915,48902,16738,19.665885442410882
25080,48983,16738,24.444371773471783
25205,49045,16738,25.347566072100793
25349,49114,16738,16.880455762177945
25536,49204,16738,15.510691860946276
25673,49263,16738,17.64924176641888
25783,49360,16738,18.228426175530906
25928,49408,16738,15.686702963553282
26070,49484,16738,16.30516098029263
26236,49557,16738,14.24338581788215
26395,49633,16738,13.716254800440922
26801,49837,16738,17.725466457473416
24320,48602,16755,20.831138500003284
24473,48677,16755,23.178510582012592
24590,48736,16755,18.92195141803338
24752,48806,16755,21.158454952766906
24902,48893,16755,23.7482385526723
25030,48956,16755,20.221913022892473
25186,49036,16755,19.139914675265924
24317,48598,16770,15.767595021083098
24453,48665,16770,18.405492605806078
24591,48734,16770,13.818685424538899
24738,48811,16770,15.76309006867973
24888,48884,16770,13.92259308349904
25031,48953,16770,17.520493540064482
25192,49025,16770,20.657867038343017
25356,49105,16770,18.52842169388442
25491,49187,16770,15.32208388148861
25643,49252,16770,14.72550279712028
25756,49383,16770,7.477743197599171
25911,49388,16770,9.117377383390528
26071,49475,16770,14.789191837466113
26261,49576,16770,15.32608873476799
26445,49656,16770,16.61558335371829
26586,49722,16770,8.751377050002436
26770,49826,16770,13.355094646294644
24318,48595,16881,21.21302294137322
24476,48669,16881,13.119098453783767
24586,48738,16881,13.332284669209008
24750,48815,16881,17.877201692778698
24907,48881,16881,17.790278280659916
25033,48955,16881,19.777286380328473
25168,49022,16881,16.18384723505524
25283,49082,16881,17.767067714275857
25417,49143,16881,15.449200358969478
25574,49226,16881,9.574129208677904
25709,49295,16881,13.651191409769675
25839,49347,16881,12.373149102498187
26041,49465,16881,13.465430838019232
26205,49546,16881,10.694086515905889
26322,49604,16881,13.263948543407164
26471,49669,16881,14.089114607577184
26631,49758,16881,16.724130863879086
26752,49816,16881,18.54231218312644
24307,48600,17406,17.945728321086975
24430,48656,17406,17.970747837969974
24602,48743,17406,16.321883577493697
24736,48809,17406,19.60893247348174
24882,48895,17406,14.918818562452634
25044,48960,17406,10.76003579660388
25242,49056,17406,12.300997725951243
25376,49119,17406,12.823917571648382
25555,49217,17406,8.367635609244555
25746,49306,17406,11.297192765288534
25870,49374,17406,11.568360599949916
25996,49439,17406,6.754516133488937
26155,49526,17406,8.646636766775641
24416,48654,17407,15.41435545140492
24577,48723,17407,8.561234669661587
24699,48780,17407,9.518782275937017
24851,48861,17407,16.005394064537292
26518,49705,17407,16.134384069524874
24449,48656,17511,10.932634255748795
24728,48799,17511,16.753151846477515
24874,48876,17511,15.182731241007337
25023,48949,17511,13.219349301277063
25167,49015,17511,12.249624414491077
25298,49091,17511,6.33698289312159
25822,49323,17511,13.63457993190728
25949,49421,17511,10.699766733372481
26106,49491,17511,8.58508844244602
26260,49584,17511,3.5916718926726428
26410,49640,17511,6.772620343482399
26556,49712,17511,6.134754296182618
26691,49785,17511,10.385901703685173
24582,48739,17556,13.636373262653201
24731,48809,17556,17.705271722716553
24856,48879,17556,13.39513888841926
25008,48949,17556,11.438340415946197
25152,49014,17556,15.56990088447717
25306,49096,17556,14.373417607752708
26414,49641,17556,11.857407872041739
26566,49728,17556,17.13053870947201
26727,49809,17556,15.521750610962176
24316,48593,17588,23.554059011359843
24432,48658,17588,19.45281830401067
24595,48734,17588,28.424218307424486
24702,48797,17588,28.889746305076358
24873,48872,17588,30.84529246063183
25020,48946,17588,25.52519885354802
25128,49010,17588,23.759423771429823
25281,49083,17588,21.58164196243357
25437,49144,17588,28.10917545556963
25544,49221,17588,20.711462125944312
25699,49296,17588,17.6726438672126
25832,49339,17588,16.806713131156197
26003,49441,17588,21.3687157460078
26135,49511,17588,19.420376980403645
26293,49594,17588,24.095046039036287
26452,49678,17588,20.399193690508273
26613,49748,17588,13.164324862870224
26744,49822,17588,19.174392967397864
25517,49196,17619,2.7977011391206963
24370,48618,17651,7.637805228927476
24497,48687,17651,12.118670334838765
24375,48641,17670,13.009132961999642
24526,48710,17670,11.832017135643028
24668,48776,17670,15.875248577974531
24816,48854,17670,19.73548900472005
25142,49006,17670,16.566931526554022
25275,49073,17670,12.92197535348105
25402,49133,17670,12.335989511106956
25547,49210,17670,14.10823977037592
25747,49308,17670,8.347500321765917
26252,49562,17670,12.283034689894443
26389,49633,17670,8.702928479033627
26555,49721,17670,13.010923921438398
26737,49808,17670,12.54253973935706
24419,48650,17708,15.567273270631267
24558,48730,17708,14.160709415360216
24705,48793,17708,11.567091074500443
24863,48876,17708,13.698316030907774
25006,48936,17708,15.153121806422762
25157,49019,17708,15.091331530261085
25295,49078,17708,11.527475860138997
25411,49151,17708,11.489376840806651
25583,49226,17708,9.37389319730853
25731,49303,17708,11.156165438088658
25915,49393,17708,8.211221563702136
26033,49462,17708,11.999859871336556
26241,49560,17708,7.96024412114161
26517,49696,17708,11.988813207405736
26672,49786,17708,16.130491413293942
24391,48636,17960,14.134546227688194
24538,48714,17960,14.141370148830138
24676,48779,17960,16.845989567385608
24846,48864,17960,16.4056020806313
24964,48920,17960,12.421385459713196
25111,48988,17960,14.945130184782652
25255,49076,17960,9.784839136223153
25393,49136,17960,8.134918822223133
25535,49206,17960,7.150865148401592
25675,49285,17960,9.958356105459933
25858,49344,17960,12.111089566609781
25752,49319,17982,6.639506294379623
25924,49407,17982,6.2085458550123604
26143,49512,17982,6.922751374656077
24393,48637,18130,15.229834356077195
24575,48717,18130,22.77877902421115
24698,48785,18130,24.777485756600125
24826,48846,18130,18.78795884452817
24984,48931,18130,18.638829188172842
25140,49003,18130,17.05161949275153
25261,49066,18130,20.58668256966309
25413,49154,18130,16.578480519769066
25581,49223,18130,15.479142699605829
25707,49290,18130,24.242381408101966
25841,49345,18130,19.110929750815515
25982,49432,18130,11.85484297193596
26134,49508,18130,14.347681949376142
26259,49576,18130,13.586469663052517
26437,49664,18130,18.948406220071252
26588,49730,18130,24.52256076770688
26702,49790,18130,18.683803357804567
24385,48630,18356,14.457723951345615
24544,48704,18356,14.937294700079324
24687,48788,18356,13.95995867340511
24820,48851,18356,13.885732320328053
24973,48920,18356,16.697119945554505
25121,48993,18356,11.976707479103489
25274,49065,18356,17.16477846225602
25409,49151,18356,13.219240171453217
25569,49228,18356,11.116332886619261
26477,49679,18356,10.916440408630404
26652,49761,18356,9.332486636802411
25881,49377,18757,12.646124624931176
26043,49458,18757,13.876235604135651
26176,49529,18757,8.333366551711348
26324,49608,18757,12.704490592459374
26455,49677,18757,13.426753447905162
26597,49747,18757,11.33226496333214
26774,49839,18757,15.312742209926306
24321,48597,18892,9.531129219335794
24436,48665,18892,8.16953080881093
24627,48752,18892,8.461079784689929
24735,48807,18892,6.751594190906161
24880,48877,18892,9.864240105291907
25032,48954,18892,9.843428219442279
26481,49679,18892,10.189121422029396
26645,49768,18892,15.111139852938201
26775,49842,18892,21.0561395135996
26162,49528,18930,7.21869253036324
24409,48653,18942,6.532250212993487
24565,48724,18942,7.586380292567565
24847,48865,18942,10.086391679652051
24990,48926,18942,11.077190920710331
25099,48989,18942,6.886995023014846
25300,49086,18942,5.710955754306547
25415,49157,18942,7.560451266591919
25540,49218,18942,12.29615813466632
25714,49289,18942,8.756875197488169
25852,49346,18942,11.506904934998701
26004,49444,18942,15.778610173467978
26154,49521,18942,12.511011069330742
24773,48824,18972,9.386721806880077
24910,48888,18972,14.52277183167281
25052,48963,18972,8.997156612576758
25196,49038,18972,11.228924062313949
25341,49118,18972,13.258468856940137
25486,49183,18972,16.173854627146138
25623,49256,18972,8.829197148465425
25761,49321,18972,12.759149940457485
25892,49398,18972,5.306200876017277
26047,49454,18972,8.022585291441823
26148,49520,18972,5.1732255687598245
26306,49595,18972,4.427115478659352
26460,49670,18972,8.893977399114279
26595,49749,18972,7.601283834124336
26719,49805,18972,3.5901199619157147
24300,48600,18980,20.680028049524736
24446,48655,18980,16.043191412694664
24589,48738,18980,18.136212722426023
24707,48800,18980,24.429202188115656
24855,48857,18980,17.68208818802281
25135,49002,18980,17.789779079960233
25252,49076,18980,18.738589027878636
25407,49140,18980,21.803501013954815
25512,49203,18980,17.964439505982533
25651,49262,18980,14.235982667179043
25818,49324,18980,20.421832198436
25955,49415,18980,23.694596785650006
24561,48727,19003,8.170390529896766
24775,48818,19003,9.960594863811162
24978,48930,19003,4.9844711113174895
25198,49026,19003,7.970503826524599
25347,49108,19003,8.09624916609764
25497,49181,19003,10.017953902713629
25620,49247,19003,12.877025050796696
25288,49079,19025,9.794697554667668
25419,49150,19025,10.54922392720779
25575,49224,19025,10.926518501709992
25711,49296,19025,9.52547068677369
25855,49353,19025,11.185315287639042
25969,49437,19025,8.429783363140274
26111,49489,19025,6.038682944457455
24350,48624,19034,11.236233434854055
24490,48681,19034,9.803081324585756
24604,48751,19034,15.651270791927383
24734,48816,19034,20.50861140612629
24865,48874,19034,19.62549255234231
25016,48942,19034,18.48641842497208
25185,49029,19034,17.268936742715148
25315,49101,19034,12.22893266491221
25477,49175,19034,20.048187147784567
25641,49259,19034,14.056521018394434
25820,49328,19034,15.751327905367726
25963,49422,19034,15.050492189673149
26094,49490,19034,12.049101717834379
26288,49574,19034,17.540534632348905
26415,49639,19034,15.771469219880597
26550,49709,19034,13.921695788872633
26688,49774,19034,12.903709964866747
24354,48617,19081,18.16650602523351
24515,48696,19081,16.413415543826837
24638,48766,19081,15.825864644424891
24791,48838,19081,21.421689414790876
25888,49393,19081,15.763078460905152
26046,49466,19081,10.403114092869165
26193,49537,19081,13.869091095998314
26360,49622,19081,13.00434898830302
26515,49697,19081,8.095906621367918
26666,49785,19081,18.109735188460824
24426,48647,19109,6.585102790604407
24523,48701,19109,2.1088945062236797
24690,48789,19109,3.8187690169350414
24817,48853,19109,5.753479432603517
24877,48867,19109,3.982809718166852
24974,48934,19109,3.7472618564576115
25131,49004,19109,5.312122889975429
25203,49029,19109,4.787186488605151
25330,49109,19109,5.794192695133905
25446,49165,19109,4.425979576739159
25559,49217,19109,0.4875743153241552
25587,49237,19109,1.6965727449823544
25735,49301,19109,5.59274711073365
25861,49352,19109,6.661540063031018
25900,49386,19109,5.822707462638683
25977,49434,19109,7.1028402759624365
26125,49510,19109,3.4968047105990108
26198,49532,19109,1.3897355340704483
26267,49570,19109,4.4009871727085175
26406,49650,19109,6.98441528319138
26470,49668,19109,3.7014387442577035
26617,49746,19109,3.553450961174875
26697,49797,19109,4.6773536014628645
24848,48859,19110,6.153628670075295
25712,49292,19110,9.26974570175606
26490,49691,19141,10.223179614089407
26660,49765,19141,8.895098650255678
24413,48643,19143,11.984857088152289
24580,48720,19143,10.471894839197502
24703,48799,19143,9.838008497841589
26394,49635,19143,6.224123396635271
26076,49478,19154,12.41352648208302
24304,48602,19160,16.566866904121305
24475,48667,19160,11.487512271588038
24620,48743,19160,12.262858422214592
24766,48826,19160,8.3439683622716
24891,48885,19160,18.30883397084279
25029,48955,19160,16.289201737856065
25160,49015,19160,16.165668731478473
25302,49081,19160,13.789289237616355
25434,49156,19160,18.32912880952203
25568,49227,19160,16.033361275817708
25725,49313,19160,24.005636185635655
25878,49376,19160,19.82443219044112
26073,49487,19160,17.00600830570977
26268,49575,19160,16.665412012004207
26440,49663,19160,19.696925737776002
26590,49726,19160,21.649950883980527
26760,49819,19160,19.25563904079718
25184,49040,19180,8.608114687945747
25923,49412,19180,7.561629196316093
26067,49479,19180,11.12934018843758
26222,49554,19180,10.284605342714805
26372,49626,19180,8.958752670832027
26523,49703,19180,14.018633680929273
26648,49773,19180,10.408804612844682
26197,49530,19181,6.916642034657184
24415,48644,19190,10.575580726300894
24556,48720,19190,8.362905539105054
24725,48798,19190,14.965778488767974
24881,48878,19190,10.873458001123518
25025,48952,19190,6.650368341543373
25176,49024,19190,9.649175635522102
25344,49104,19190,6.79942446288902
25531,49202,19190,5.66996839981252
25706,49286,19190,6.868381299569534
25843,49343,19190,6.86552339148653
25980,49427,19190,7.5060959353348995
26138,49502,19190,7.061176305174605
26553,49719,19191,1.6519992513511157
24905,48886,19200,10.246126163851983
25697,49290,19208,12.166055483545383
25854,49343,19208,13.664348357773845
26022,49451,19208,8.302501868800267
26165,49522,19208,15.410029796714635
26332,49607,19208,10.606275976590588
26528,49697,19208,15.453046853965377
25910,49387,19209,4.893207199177517
24369,48621,19214,6.244686912509671
24509,48700,19214,5.876408378900726
24634,48765,19214,10.574706889597028
24802,48837,19214,14.009526512327982
24921,48909,19214,8.768594055387169
25086,48983,19214,12.260260731629078
25240,49057,19214,10.686756336189594
25367,49131,19214,12.539708258859807
25511,49200,19214,10.765798766671484
25666,49264,19214,9.408969334684071
25840,49342,19214,16.053321760826194
26013,49448,19214,6.661961514008538
26163,49528,19214,16.548023241860975
26310,49594,19214,12.981614122018112
26453,49675,19214,13.517657572665863
26596,49742,19214,19.58881554587024
26757,49825,19214,17.82190325183116
24486,48688,19217,5.248113797159504
24629,48741,19217,3.4122795467634432
24792,48831,19217,6.628429314243976
24914,48898,19217,7.687220397709006
25059,48963,19217,5.841511801633756
25201,49034,19217,4.875158858825643
25345,49111,19217,10.113899513388557
25489,49185,19217,8.108285792902723
25591,49240,19217,6.922774530384723
25739,49311,19217,15.0978168687602
25906,49385,19217,11.52404231309917
26089,49482,19217,15.228621764238785
26228,49551,19217,14.572187986688947
26355,49622,19217,14.245659561980933
26485,49689,19217,11.3411215569335
26662,49771,19217,11.546290752741287
26787,49837,19217,11.160665575517173
25681,49281,19218,3.18043709134125
24482,48683,19245,3.3994350159753393
24646,48755,19245,9.32897402994228
24787,48828,19245,6.670583252411453
24918,48905,19245,14.859294385542539
25075,48975,19245,12.772204544419687
25204,49045,19245,15.649687634669636
25334,49115,19245,13.075748719008066
25470,49176,19245,11.420554402321175
25617,49257,19245,14.323811549361578
25816,49331,19245,14.38483166635679
25966,49428,19245,13.741041369694655
26170,49523,19245,12.73434312171071
26356,49613,19245,15.094926456256088
26478,49692,19245,18.717179711358295
26653,49767,19245,17.015985814081944
24337,48610,19256,14.472574439360708
24505,48693,19256,17.9169905882908
24643,48762,19256,14.407484696960577
24788,48837,19256,16.54921974653037
24956,48919,19256,11.179707386738796
25105,48996,19256,21.56037349899636
25239,49058,19256,16.392600845307626
25362,49122,19256,15.325038954695813
25537,49198,19256,22.33137002887294
25668,49270,19256,19.359363717358615
25849,49347,19256,21.412142237979943
25999,49445,19256,14.570340715996862
26209,49540,19256,14.169770061203337
26359,49606,19256,16.387558647129385
26474,49667,19256,18.362311818787237
26642,49760,19256,14.454707321090295
24402,48633,19269,12.097337967310262
24537,48702,19269,0.4114426544832342
24696,48787,19269,8.115596882698728
24811,48849,19269,14.25151714484684
25000,48940,19269,10.248818820851781
25153,49011,19269,11.196936777175322
25316,49094,19269,12.87895569784812
25458,49166,19269,14.46778732681927
25664,49263,19269,24.24062979049551
25826,49325,19269,13.709941065757572
25957,49420,19269,15.21247454719427
26097,49499,19269,16.2463524894724
26244,49562,19269,9.586557149256627
26411,49648,19269,11.123843244981215
26534,49707,19269,7.185553437259392
26709,49796,19269,5.567423483479777
24382,48636,19283,21.92419767753938
24535,48703,19283,16.22726973897116
24658,48776,19283,14.851732669018975
24830,48843,19283,19.04866352261038
25001,48950,19283,14.258421238036497
25149,49020,19283,15.980913497106043
25322,49098,19283,18.119322475720256
25442,49158,19283,16.111771065242607
25622,49257,19283,12.122440771114876
25799,49355,19283,11.78503075617197
25920,49408,19283,11.876039760228482
26062,49470,19283,10.961143534634399
26238,49553,19283,8.18599201501857
26376,49629,19283,8.588447804562886
26532,49720,19283,4.588064064193977
26712,49794,19283,5.306480405842594
24322,48599,19299,12.272169646623384
24434,48664,19299,13.624313773660846
24576,48721,19299,10.42462976817057
24686,48786,19299,7.699756258939636
24812,48844,19299,11.074820145049658
24961,48911,19299,8.936709585845097
25134,49004,19299,10.973852491073771
25299,49085,19299,14.397538868012107
25453,49172,19299,12.446492026608139
25613,49242,19299,11.864584735858056
25745,49308,19299,10.238955337486967
25919,49389,19299,6.892402778625885
26039,49456,19299,10.683497060111694
26180,49541,19299,11.044351439189471
26357,49614,19299,8.721028399514395
26482,49685,19299,6.085569279790573
26624,49755,19299,10.681354845359424
26784,49833,19299,10.122226184818226
24335,48609,19307,13.072603498681683
24467,48680,19307,10.070385196197584
24606,48745,19307,11.964141025387278
24762,48824,19307,18.258957286996196
24941,48905,19307,16.345603384728292
25115,48992,19307,14.839933582159297
25259,49068,19307,15.745028005976387
25445,49167,19307,10.21393996287145
25605,49239,19307,14.997045868348637
25792,49363,19307,13.984700960171033
25993,49427,19307,15.267392592231081
26131,49514,19307,11.825490541066339
26313,49588,19307,10.37788746605559
26427,49661,19307,13.862170614275799
26601,49743,19307,7.460653471358667
26790,49840,19307,6.888377628047297
25180,49037,19311,7.7623282427553955
25398,49134,19311,0.5442886370428096
25758,49318,19315,1.7504406096909608
26044,49467,19315,2.825188179434096
26184,49539,19315,7.887112633233531
26327,49605,19315,3.8303876458720474
24389,48635,19317,10.735214972498671
24578,48719,19317,3.027196465307831
24957,48911,19317,9.910614514579063
25254,49071,19317,6.458397365030025
25872,49370,19317,7.299360067091472
25998,49449,19317,7.619956474464684
26156,49519,19317,9.310800740841065
26311,49589,19317,7.625381851348433
26428,49656,19317,0.39319321473860497
26563,49731,19317,1.7225646705224749
26731,49807,19317,1.3815846514104633
25403,49134,19319,8.551766928553095
25520,49201,19319,14.078788315215524
25819,49323,19319,14.687016897875242
25925,49413,19319,10.008115341330218
26093,49473,19319,13.671848626122578
26218,49561,19319,12.889991252441702
26347,49623,19319,16.00982991166979
24333,48608,19321,13.72277472693832
24477,48673,19321,16.651386692974743
24637,48755,19321,10.673138382756562
24770,48825,19321,11.689781345873179
24931,48903,19321,17.648721004852355
25093,48985,19321,16.443113714736597
25256,49077,19321,23.203664552253617
25401,49137,19321,16.412997791860356
25590,49246,19321,18.65351075721575
25760,49320,19321,16.566084280896607
25912,49397,19321,18.40025032049358
26030,49463,19321,13.046992290521144
26204,49546,19321,14.916586693345732
26343,49616,19321,10.251834893934978
26492,49686,19321,10.779942719004447
26643,49766,19321,9.749078393424004
26776,49831,19321,14.423733513632037
25220,49059,19324,12.810219661561108
25950,49420,19324,14.21485983208243
26102,49491,19324,11.46911527801726
26280,49578,19324,14.035526596655066
26435,49655,19324,14.17655538915982
26583,49736,19324,11.733177116216604
26696,49795,19324,15.15508909155266
25676,49278,19328,5.563638702063884
25828,49334,19328,9.52009807655029
24794,48841,19329,7.55267740285151
26685,49787,19329,12.89321841741211
26312,49592,19337,7.795799681204432
26388,49625,19337,6.874137192794669
24303,48591,19348,13.873855024282717
24447,48659,19348,10.719575214297207
24593,48733,19348,11.298379862613006
24749,48817,19348,11.289668232264257
24911,48885,19348,14.307222565031244
25079,48977,19348,11.895285238879945
25232,49053,19348,14.458370302123575
25420,49147,19348,8.399130593244246
25572,49228,19348,15.549001011351635
25724,49300,19348,18.552439347021252
25903,49388,19348,11.562822263545735
26057,49472,19348,7.4850748557828855
26200,49544,19348,10.655913687980682
26387,49638,19348,8.260380256676909
26538,49711,19348,10.503763062804918
26716,49808,19348,11.414245412753468
25387,49127,19357,7.893068890652442
25506,49189,19357,4.123737078062778
25879,49376,19357,12.41142592866758
26001,49448,19357,12.338986249663032
24843,48864,19359,8.303675502450458
24996,48944,19359,8.619018871188823
25130,49009,19359,6.9466464210736305
25250,49077,19359,5.864847878039813
25390,49136,19359,4.987446775113955
25546,49210,19359,7.086601340292058
25689,49278,19359,3.587372939152512
25814,49326,19359,3.753345152105252
26014,49446,19359,6.097891139029167
26175,49526,19359,11.37169538897065
26309,49597,19359,11.405042754180068
26429,49664,19359,11.580321668059648
26618,49745,19359,9.510372142752056
26740,49811,19359,9.385543607309765
26271,49572,19368,11.473516382031466
26433,49657,19368,11.322043024835375
26574,49728,19368,11.322360174795516
26722,49809,19368,10.824322831066832
24406,48642,19370,7.77935785803849
24552,48724,19370,6.84994901940532
24688,48781,19370,6.141438383905522
24824,48853,19370,9.133965597463794
24945,48913,19370,10.918128967782097
25188,49027,19370,7.990925002807418
25351,49108,19370,10.267805464197966
25561,49219,19370,6.714401149370865
25721,49289,19370,12.597011566824653
25859,49349,19370,15.753770351456144
26025,49440,19370,16.70372014523677
26145,49503,19370,19.67171944758324
26308,49587,19370,20.81901627540313
24338,48610,19372,12.113963759442093
24474,48667,19372,11.683012460966669
24621,48753,19372,10.168133914466233
24765,48822,19372,12.71520285836241
25210,49043,19372,13.888606320815521
25501,49188,19372,18.899338934605904
26129,49502,19372,18.272704727096823
26258,49580,19372,10.460891847705867
25645,49255,19377,8.771544792478254
25846,49340,19377,8.99354551889902
25992,49436,19377,8.697448383621543
26141,49503,19377,2.970301717222968
26277,49582,19377,3.747501079779988
26418,49642,19377,0.8967110025418966
26537,49716,19377,5.540879998148851
26700,49789,19377,4.3116714645540455
24348,48620,19387,3.5122862317064643
24520,48692,19387,4.969435617910457
24648,48758,19387,8.57211581167831
24784,48832,19387,5.002456479817949
24940,48901,19387,4.626102881115399
25123,48989,19387,5.672688194320437
25249,49063,19387,4.066193310106623
25424,49156,19387,8.472428565329288
24513,48691,19390,14.90758578766423
24670,48768,19390,10.799079761520002
24793,48834,19390,13.334348026742674
24923,48898,19390,14.954552254624794
25082,48974,19390,12.320171488754474
25244,49051,19390,11.330764528359925
25364,49121,19390,12.80581876622007
25503,49192,19390,14.317136878979708
25656,49269,19390,13.22397278085118
25773,49362,19390,14.058168030221902
25936,49407,19390,9.884106357863775
26084,49485,19390,19.533156443051254
26214,49558,19390,11.349665237918906
26380,49631,19390,12.092526544210113
26512,49706,19390,10.007237346345924
26651,49773,19390,16.584303914669697
26782,49839,19390,9.678419418600038
26511,49700,19392,9.4600386860501
26657,49762,19392,7.721526267336834
24718,48802,19397,8.257472071438318
25012,48940,19397,8.929712051270695
25353,49110,19397,4.6638441474771755
25482,49180,19397,4.623037722014102
25588,49241,19397,4.483383366779907
25729,49309,19397,13.172229244008403
25880,49371,19397,11.117366887564241
26021,49447,19397,8.084295241260543
24717,48801,19402,6.615903669763857
25671,49269,19410,5.742064855399331
24478,48670,19413,7.75636136229607
24615,48754,19413,4.430597264936964
25374,49123,19413,6.888908078432363
24654,48761,19420,2.987735868578761
24774,48823,19420,5.825813530164427
24897,48884,19420,13.656251846120782
24358,48626,19427,8.958333487740688
24512,48698,19427,8.616905563688322
24660,48770,19427,12.22449985377898
24785,48829,19427,16.348715095021316
24983,48928,19427,9.607741587644636
25097,48999,19427,10.58945641336896
25303,49082,19427,11.997668832676688
25432,49154,19427,14.466485572822123
25626,49249,19427,17.77275407212683
25786,49365,19427,16.762889369328477
25931,49406,19427,14.470239900767602
26090,49486,19427,9.798616805527566
26212,49551,19427,10.800871387369952
26370,49636,19427,6.837076369844833
26251,49566,19432,2.7538597136401504
26405,49651,19432,3.390168121825366
26549,49719,19432,5.916007949335003
26707,49798,19432,2.019634776938296
26607,49744,19438,5.833657089624671
24379,48641,19440,0.5487666070637909
24541,48707,19440,5.331402862639518
24683,48780,19440,10.339278661222597
24815,48854,19440,16.79776404583015
26604,49745,19444,9.089045091693103
26763,49818,19444,1.422240829475974
24977,48923,19448,3.0369011884005808
26364,49612,19448,9.108004884226904
26501,49686,19448,5.612007236577957
24368,48621,19453,11.168344797306544
24623,48748,19453,10.686360119126528
24771,48822,19453,10.747433146045175
24933,48902,19453,18.87184576946718
25089,48975,19453,12.120285553210616
25214,49047,19453,12.206396064443375
25358,49112,19453,8.179483366270807
25483,49182,19453,10.343410624043308
25644,49255,19453,13.192112884904867
25808,49326,19453,16.500573272857196
25965,49418,19453,6.992678350647166
26137,49504,19453,4.782381350505332
26265,49572,19453,4.421720365805941
26408,49640,19453,0.9527557938945819
26572,49732,19453,5.673487331209314
26766,49820,19453,1.167884991784246
24550,48709,19471,1.9089501519019758
25272,49070,19471,13.131962721323251
25004,48946,19475,5.901826413893193
25447,49170,19475,7.883462901153803
24900,48894,19477,5.2450589925134015
24417,48642,19478,9.588558095552033
26717,49810,19478,16.096994968049938
24361,48617,19488,10.36418461470788
26704,49793,19488,7.208570932368911
26196,49536,19491,9.492806677325888
26391,49628,19491,1.2480924473125377
26510,49698,19491,1.9149536591700373
26671,49778,19491,9.803392748238966
25679,49276,19493,3.8149278323978995
26780,49841,19515,5.293716929583091
24395,48639,19519,4.343006745072609
24551,48702,19519,8.378161772628467
24701,48785,19519,6.245574459860272
25791,49365,19522,6.70981292160011
26340,49621,19529,3.9065755017099963
24365,48613,19538,16.8023871811071
24484,48681,19538,14.405983291111687
24662,48768,19538,18.432920045525083
24825,48851,19538,20.868692155605764
24986,48930,19538,10.64928582893936
25166,49014,19538,13.680932730402432
25297,49085,19538,10.062230743224877
25450,49159,19538,1.5903820554688235
25580,49231,19538,5.658768767474721
25695,49286,19538,8.335078771717642
25836,49345,19538,10.845343685871379
25985,49425,19538,8.208341910565622
26100,49497,19538,6.9756268331887155
26269,49574,19538,7.751686257844608
26423,49652,19538,6.342440390314967
26587,49723,19538,7.386973436793529
26705,49789,19538,12.374502955045372
24603,48742,19545,3.514450517889128
24737,48813,19545,6.0590380034761075
25005,48947,19545,6.206886915761731
25141,49005,19545,6.43205544412543
25311,49095,19545,8.751974975355317
25485,49178,19545,8.020650732498837
25618,49248,19545,1.2823916622351168
25784,49357,19545,6.134521104561519
25939,49413,19545,3.77735898505078
26117,49493,19545,1.2393068360776496
26284,49573,19545,4.873980998280831
26421,49644,19545,1.2717780399960181
26726,49806,19545,6.016408665903964
25019,48943,19555,7.997322090950224
24298,48604,19561,9.638158423929545
24342,48611,19561,9.098108895876402
24503,48689,19561,6.447221375227025
24642,48761,19561,12.198844640423555
24776,48821,19561,11.572819202654548
24901,48892,19561,8.204373717752029
25047,48967,19561,14.199245542301497
25237,49051,19561,10.522471183280702
25365,49123,19561,7.7929261864473345
25508,49193,19561,3.0771830116725463
25672,49267,19561,3.8055878217715065
25802,49338,19561,1.831839114482963
25952,49417,19561,6.996566494031628
26191,49535,19561,13.08237524611998
26314,49600,19561,11.912044371480722
26449,49673,19561,9.934913391089836
26593,49747,19561,11.50777106903469
26768,49822,19561,10.645608269477483
24355,48620,19566,9.890623223360498
24507,48693,19566,8.486805040458123
24630,48758,19566,6.117134638434679
24804,48830,19566,4.86848545565652
24967,48933,19566,12.162719301476008
25138,49009,19566,9.871332713031371
25286,49080,19566,5.000737100478044
25495,49183,19566,8.728368630860048
25639,49253,19566,11.115855367449916
26024,49439,19566,12.422869692552261
26152,49522,19566,14.472414315811257
26401,49647,19566,11.572871833253844
24383,48628,19567,12.049463933941562
24530,48710,19567,12.635613038708042
24689,48779,19567,5.787647097697263
24842,48858,19567,10.238442681475448
24998,48937,19567,11.214804061285161
25148,49022,19567,2.4253886320478633
25328,49102,19567,3.7096299325540762
25533,49207,19567,4.956579297786674
25691,49285,19567,13.097027779281568
25929,49404,19567,9.16962639229371
26064,49483,19567,9.439090444680845
26289,49578,19567,4.507434294805578
26565,49734,19567,5.462016858847792
26759,49820,19567,13.603872626259973
24380,48632,19568,10.347815474209025
24517,48691,19568,6.105478863565519
24695,48789,19568,10.346941048041403
24835,48847,19568,12.363252618150083
24987,48927,19568,15.123566522843168
25096,49001,19568,18.909377983927925
25222,49050,19568,12.758304392005584
25375,49132,19568,12.400014648102298
25516,49196,19568,8.665019552893835
25662,49272,19568,13.337652137576043
25781,49363,19568,14.090264592606136
25938,49401,19568,9.481114130972943
26101,49494,19568,15.196232394496635
26282,49573,19568,17.332966279893093
26412,49649,19568,16.003287262239212
26542,49715,19568,10.370492716726393
26690,49775,19568,8.048653022941794
24410,48651,19573,9.9809823146267
24573,48727,19573,19.70907808397646
24710,48792,19573,11.06070413733889
24878,48871,19573,7.356962659838269
24997,48941,19573,15.699786779027157
25175,49025,19573,14.3085127630449
25318,49097,19573,7.033288735920775
25456,49171,19573,16.7190013942644
25607,49233,19573,16.530664847683326
25741,49300,19573,12.797480064213199
25904,49398,19573,8.130385964868735
26032,49455,19573,14.343368533708055
26167,49516,19573,4.681354565720699
26305,49596,19573,1.1025564072824883
26463,49670,19573,1.1608512689951884
26600,49739,19573,7.688129961551972
26741,49803,19573,-1.869269972012424
25973,49432,19574,5.4646094970567205
26110,49496,19574,8.875173326940379
26283,49585,19574,6.472660036005
24663,48769,19582,12.77468247162634
24813,48855,19583,7.757306717025742
24975,48933,19583,5.736931091751401
25116,48998,19583,6.783104030794781
25294,49088,19583,10.89612440242366
25416,49145,19583,5.554150528455808
25584,49222,19583,6.085121014681108
25336,49109,19592,4.767825058428165
25811,49334,19592,8.83368796989685
25958,49415,19592,4.573241915262853
26078,49474,19592,8.827617045541675
26253,49569,19592,7.136077985918401
26368,49632,19592,8.46864226079143
26546,49713,19592,8.576593559481099
26670,49777,19592,14.292154965281908
26279,49582,19598,4.40953792346201
25034,48958,19603,5.092922457828992
25162,49018,19609,17.466379113227386
25348,49107,19609,9.665093229721354
25488,49178,19609,9.109201685913472
25619,49259,19609,11.317467748658324
25790,49364,19609,15.001204858060031
25926,49409,19609,9.155359712528522
26083,49481,19609,7.208839504172374
26254,49565,19609,8.986467782606875
26417,49650,19609,9.06697384480906
26541,49721,19609,10.51285211050318
26698,49798,19609,15.155764195183139
25174,49034,19611,12.544093226470734
25337,49114,19611,7.049119198261399
25654,49271,19611,6.340155784808446
25809,49336,19611,14.038517491577199
26105,49500,19611,8.979229499772021
26365,49619,19611,7.786818652601702
25633,49253,19617,6.190585761034875
25740,49302,19617,6.752516615580705
25457,49170,19621,4.94260369959426
25548,49221,19621,6.058592809808385
25794,49360,19621,6.15032430084091
26393,49631,19621,8.366537069867745
26751,49818,19621,9.859504255506996
25493,49175,19623,5.633583692326479
25601,49235,19623,2.4075385292576925
25744,49305,19623,8.141230843403465
25478,49184,19625,9.151378737435046
25634,49247,19625,7.820317723829014
25766,49315,19625,8.588756668622196
25898,49390,19625,8.957715171402878
26060,49469,19625,10.542098240232102
25565,49213,19632,6.21130350130506
25705,49295,19632,9.697777859610214
25837,49344,19632,9.675422946913475
26020,49440,19632,13.219612584549285
26139,49508,19632,10.512701154363434
26299,49588,19632,8.87270198966834
26472,49674,19632,8.279298761334363
26611,49739,19632,5.960336381827842
26718,49803,19632,6.639420292151233
25884,49368,19648,5.837772750047887
26298,49597,19648,12.689600040585393
26468,49666,19648,14.1938268175411
25917,49391,19652,3.117051104087946
26055,49464,19652,5.592485464877843
26174,49521,19652,5.071041049669585
26295,49593,19652,1.0363066431712615
26465,49665,19652,2.801086808573549
26621,49741,19652,4.073785696086465
26747,49814,19652,-1.1685238669379427
25913,49392,19653,5.7585642194653905
26066,49485,19653,6.053267012025996
25942,49405,19655,5.476483062339603
26065,49487,19655,11.783340403619976
26038,49459,19658,9.79070147202959
26213,49559,19658,10.884499080026998
26386,49627,19658,10.688735621317175
26516,49704,19658,8.22195957246441
26123,49506,19661,11.700611940984562
26272,49579,19661,8.04854412986253
26402,49647,19661,2.3394945973914214
26569,49729,19661,4.697515718221725
26699,49794,19661,8.43898116015271
26182,49530,19663,5.224088873430535
26476,49684,19663,4.666414896978617
26446,49654,19667,5.412200526864544
26514,49699,19667,6.146549951247781
26292,49586,19672,10.05750533866735
26466,49667,19672,1.8330659919409842
26592,49744,19672,3.1867734651113038
26755,49813,19672,2.553911855758636
26390,49636,19675,7.291740470119029
26694,49778,19675,5.243262150990082
26459,49675,19679,6.850923062929492
26663,49765,19679,7.423519129038628
26513,49696,19683,6.631126140199423
26679,49788,19683,11.244588393216338
26638,49771,19684,10.329647647627068
26581,49723,19687,4.80954791827763
26676,49777,19692,7.567775624549256
26713,49795,19695,4.024405984104184
26745,49824,19699,9.659575200294604
26803,49829,19700,8.807916011497891
